season,iso3,players,total_players,pct,country,continent,region
1876,CAN,1,121,0.008264462809917356,Canadá,América,Norteamérica
1876,DEU,1,121,0.008264462809917356,Alemania,Europa,Europa
1876,GBR,5,121,0.04132231404958678,Reino Unido,Europa,Europa
1876,IRL,7,121,0.05785123966942149,Irlanda,Europa,Europa
1876,USA,105,121,0.8677685950413223,Estados Unidos,América,Norteamérica
1877,CAN,1,92,0.010869565217391304,Canadá,América,Norteamérica
1877,GBR,3,92,0.03260869565217391,Reino Unido,Europa,Europa
1877,IRL,4,92,0.043478260869565216,Irlanda,Europa,Europa
1877,USA,84,92,0.9130434782608695,Estados Unidos,América,Norteamérica
1878,CAN,1,77,0.012987012987012988,Canadá,América,Norteamérica
1878,GBR,2,77,0.025974025974025976,Reino Unido,Europa,Europa
1878,IRL,5,77,0.06493506493506493,Irlanda,Europa,Europa
1878,USA,69,77,0.8961038961038961,Estados Unidos,América,Norteamérica
1879,CAN,1,119,0.008403361344537815,Canadá,América,Norteamérica
1879,CZE,1,119,0.008403361344537815,Chequia,Europa,Europa
1879,GBR,2,119,0.01680672268907563,Reino Unido,Europa,Europa
1879,IRL,4,119,0.03361344537815126,Irlanda,Europa,Europa
1879,USA,110,119,0.9243697478991597,Estados Unidos,América,Norteamérica
1880,CAN,4,127,0.031496062992125984,Canadá,América,Norteamérica
1880,GBR,3,127,0.023622047244094488,Reino Unido,Europa,Europa
1880,IRL,3,127,0.023622047244094488,Irlanda,Europa,Europa
1880,USA,116,127,0.9133858267716536,Estados Unidos,América,Norteamérica
1881,CAN,5,120,0.041666666666666664,Canadá,América,Norteamérica
1881,GBR,2,120,0.016666666666666666,Reino Unido,Europa,Europa
1881,IRL,4,120,0.03333333333333333,Irlanda,Europa,Europa
1881,USA,109,120,0.9083333333333333,Estados Unidos,América,Norteamérica
1882,CAN,8,229,0.034934497816593885,Canadá,América,Norteamérica
1882,GBR,6,229,0.026200873362445413,Reino Unido,Europa,Europa
1882,IRL,7,229,0.03056768558951965,Irlanda,Europa,Europa
1882,USA,208,229,0.9082969432314411,Estados Unidos,América,Norteamérica
1883,CAN,11,258,0.04263565891472868,Canadá,América,Norteamérica
1883,DEU,1,258,0.003875968992248062,Alemania,Europa,Europa
1883,GBR,4,258,0.015503875968992248,Reino Unido,Europa,Europa
1883,IRL,9,258,0.03488372093023256,Irlanda,Europa,Europa
1883,USA,233,258,0.9031007751937985,Estados Unidos,América,Norteamérica
1884,AUS,1,640,0.0015625,Australia,Oceanía,Oceanía
1884,CAN,32,640,0.05,Canadá,América,Norteamérica
1884,DEU,3,640,0.0046875,Alemania,Europa,Europa
1884,GBR,8,640,0.0125,Reino Unido,Europa,Europa
1884,IRL,14,640,0.021875,Irlanda,Europa,Europa
1884,USA,572,640,0.89375,Estados Unidos,América,Norteamérica
1885,AUS,1,321,0.003115264797507788,Australia,Oceanía,Oceanía
1885,CAN,14,321,0.04361370716510903,Canadá,América,Norteamérica
1885,DEU,3,321,0.009345794392523364,Alemania,Europa,Europa
1885,GBR,6,321,0.018691588785046728,Reino Unido,Europa,Europa
1885,IRL,6,321,0.018691588785046728,Irlanda,Europa,Europa
1885,SWE,1,321,0.003115264797507788,Suecia,Europa,Europa
1885,USA,288,321,0.897196261682243,Estados Unidos,América,Norteamérica
1886,AUS,1,325,0.003076923076923077,Australia,Oceanía,Oceanía
1886,CAN,7,325,0.021538461538461538,Canadá,América,Norteamérica
1886,DEU,2,325,0.006153846153846154,Alemania,Europa,Europa
1886,GBR,3,325,0.009230769230769232,Reino Unido,Europa,Europa
1886,IRL,5,325,0.015384615384615385,Irlanda,Europa,Europa
1886,USA,305,325,0.9384615384615385,Estados Unidos,América,Norteamérica
1887,CAN,9,316,0.028481012658227847,Canadá,América,Norteamérica
1887,DEU,2,316,0.006329113924050633,Alemania,Europa,Europa
1887,GBR,3,316,0.00949367088607595,Reino Unido,Europa,Europa
1887,IRL,8,316,0.02531645569620253,Irlanda,Europa,Europa
1887,USA,293,316,0.9272151898734177,Estados Unidos,América,Norteamérica
1888,AUS,1,332,0.0030120481927710845,Australia,Oceanía,Oceanía
1888,CAN,8,332,0.024096385542168676,Canadá,América,Norteamérica
1888,DEU,2,332,0.006024096385542169,Alemania,Europa,Europa
1888,GBR,2,332,0.006024096385542169,Reino Unido,Europa,Europa
1888,IRL,7,332,0.02108433734939759,Irlanda,Europa,Europa
1888,USA,312,332,0.9397590361445783,Estados Unidos,América,Norteamérica
1889,AUS,1,322,0.003105590062111801,Australia,Oceanía,Oceanía
1889,CAN,8,322,0.024844720496894408,Canadá,América,Norteamérica
1889,CZE,1,322,0.003105590062111801,Chequia,Europa,Europa
1889,DEU,2,322,0.006211180124223602,Alemania,Europa,Europa
1889,GBR,2,322,0.006211180124223602,Reino Unido,Europa,Europa
1889,IRL,6,322,0.018633540372670808,Irlanda,Europa,Europa
1889,USA,302,322,0.937888198757764,Estados Unidos,América,Norteamérica
1890,AUS,1,510,0.00196078431372549,Australia,Oceanía,Oceanía
1890,CAN,16,510,0.03137254901960784,Canadá,América,Norteamérica
1890,CZE,1,510,0.00196078431372549,Chequia,Europa,Europa
1890,DEU,4,510,0.00784313725490196,Alemania,Europa,Europa
1890,GBR,5,510,0.00980392156862745,Reino Unido,Europa,Europa
1890,IRL,12,510,0.023529411764705882,Irlanda,Europa,Europa
1890,USA,467,510,0.9156862745098039,Estados Unidos,América,Norteamérica
1891,AUS,1,359,0.002785515320334262,Australia,Oceanía,Oceanía
1891,CAN,10,359,0.027855153203342618,Canadá,América,Norteamérica
1891,DEU,3,359,0.008356545961002786,Alemania,Europa,Europa
1891,GBR,1,359,0.002785515320334262,Reino Unido,Europa,Europa
1891,IRL,9,359,0.025069637883008356,Irlanda,Europa,Europa
1891,USA,335,359,0.9331476323119777,Estados Unidos,América,Norteamérica
1892,AUS,1,265,0.0037735849056603774,Australia,Oceanía,Oceanía
1892,CAN,3,265,0.011320754716981131,Canadá,América,Norteamérica
1892,DEU,2,265,0.007547169811320755,Alemania,Europa,Europa
1892,GBR,1,265,0.0037735849056603774,Reino Unido,Europa,Europa
1892,IRL,6,265,0.022641509433962263,Irlanda,Europa,Europa
1892,USA,251,265,0.9471698113207547,Estados Unidos,América,Norteamérica
1893,AUS,1,260,0.0038461538461538464,Australia,Oceanía,Oceanía
1893,CAN,2,260,0.007692307692307693,Canadá,América,Norteamérica
1893,GBR,1,260,0.0038461538461538464,Reino Unido,Europa,Europa
1893,IRL,4,260,0.015384615384615385,Irlanda,Europa,Europa
1893,USA,251,260,0.9653846153846154,Estados Unidos,América,Norteamérica
1894,AUS,1,264,0.003787878787878788,Australia,Oceanía,Oceanía
1894,CAN,3,264,0.011363636363636364,Canadá,América,Norteamérica
1894,GBR,2,264,0.007575757575757576,Reino Unido,Europa,Europa
1894,IRL,4,264,0.015151515151515152,Irlanda,Europa,Europa
1894,NLD,1,264,0.003787878787878788,Países Bajos,Europa,Europa
1894,NOR,1,264,0.003787878787878788,Noruega,Europa,Europa
1894,USA,251,264,0.9507575757575758,Estados Unidos,América,Norteamérica
1895,AUS,1,284,0.0035211267605633804,Australia,Oceanía,Oceanía
1895,CAN,1,284,0.0035211267605633804,Canadá,América,Norteamérica
1895,GBR,2,284,0.007042253521126761,Reino Unido,Europa,Europa
1895,IRL,3,284,0.01056338028169014,Irlanda,Europa,Europa
1895,NOR,1,284,0.0035211267605633804,Noruega,Europa,Europa
1895,USA,276,284,0.971830985915493,Estados Unidos,América,Norteamérica
1896,AUS,1,272,0.003676470588235294,Australia,Oceanía,Oceanía
1896,CAN,2,272,0.007352941176470588,Canadá,América,Norteamérica
1896,GBR,2,272,0.007352941176470588,Reino Unido,Europa,Europa
1896,IRL,3,272,0.011029411764705883,Irlanda,Europa,Europa
1896,NOR,1,272,0.003676470588235294,Noruega,Europa,Europa
1896,USA,263,272,0.9669117647058824,Estados Unidos,América,Norteamérica
1897,AUS,1,263,0.0038022813688212928,Australia,Oceanía,Oceanía
1897,CAN,5,263,0.019011406844106463,Canadá,América,Norteamérica
1897,GBR,2,263,0.0076045627376425855,Reino Unido,Europa,Europa
1897,IRL,3,263,0.011406844106463879,Irlanda,Europa,Europa
1897,NLD,1,263,0.0038022813688212928,Países Bajos,Europa,Europa
1897,NOR,1,263,0.0038022813688212928,Noruega,Europa,Europa
1897,RUS,1,263,0.0038022813688212928,Rusia,Europa,Europa
1897,USA,249,263,0.9467680608365019,Estados Unidos,América,Norteamérica
1898,AUS,1,299,0.0033444816053511705,Australia,Oceanía,Oceanía
1898,CAN,3,299,0.010033444816053512,Canadá,América,Norteamérica
1898,DEU,1,299,0.0033444816053511705,Alemania,Europa,Europa
1898,GBR,2,299,0.006688963210702341,Reino Unido,Europa,Europa
1898,IRL,3,299,0.010033444816053512,Irlanda,Europa,Europa
1898,NOR,1,299,0.0033444816053511705,Noruega,Europa,Europa
1898,RUS,1,299,0.0033444816053511705,Rusia,Europa,Europa
1898,USA,287,299,0.959866220735786,Estados Unidos,América,Norteamérica
1899,AUS,1,310,0.0032258064516129032,Australia,Oceanía,Oceanía
1899,CAN,2,310,0.0064516129032258064,Canadá,América,Norteamérica
1899,DEU,3,310,0.00967741935483871,Alemania,Europa,Europa
1899,GBR,1,310,0.0032258064516129032,Reino Unido,Europa,Europa
1899,IRL,2,310,0.0064516129032258064,Irlanda,Europa,Europa
1899,NOR,1,310,0.0032258064516129032,Noruega,Europa,Europa
1899,RUS,1,310,0.0032258064516129032,Rusia,Europa,Europa
1899,USA,299,310,0.964516129032258,Estados Unidos,América,Norteamérica
1900,AUS,1,188,0.005319148936170213,Australia,Oceanía,Oceanía
1900,DEU,1,188,0.005319148936170213,Alemania,Europa,Europa
1900,GBR,1,188,0.005319148936170213,Reino Unido,Europa,Europa
1900,IRL,2,188,0.010638297872340425,Irlanda,Europa,Europa
1900,USA,183,188,0.973404255319149,Estados Unidos,América,Norteamérica
1901,AUS,1,371,0.0026954177897574125,Australia,Oceanía,Oceanía
1901,CAN,3,371,0.008086253369272238,Canadá,América,Norteamérica
1901,DEU,2,371,0.005390835579514825,Alemania,Europa,Europa
1901,GBR,5,371,0.013477088948787063,Reino Unido,Europa,Europa
1901,IRL,3,371,0.008086253369272238,Irlanda,Europa,Europa
1901,NOR,1,371,0.0026954177897574125,Noruega,Europa,Europa
1901,RUS,2,371,0.005390835579514825,Rusia,Europa,Europa
1901,USA,353,371,0.9514824797843666,Estados Unidos,América,Norteamérica
1902,CAN,7,390,0.017948717948717947,Canadá,América,Norteamérica
1902,CHE,1,390,0.002564102564102564,Suiza,Europa,Europa
1902,COL,1,390,0.002564102564102564,Colombia,América,Sudamérica
1902,CUB,1,390,0.002564102564102564,Cuba,América,Caribe
1902,DEU,4,390,0.010256410256410256,Alemania,Europa,Europa
1902,GBR,4,390,0.010256410256410256,Reino Unido,Europa,Europa
1902,IRL,5,390,0.01282051282051282,Irlanda,Europa,Europa
1902,NOR,1,390,0.002564102564102564,Noruega,Europa,Europa
1902,USA,365,390,0.9358974358974359,Estados Unidos,América,Norteamérica
1903,CAN,4,368,0.010869565217391304,Canadá,América,Norteamérica
1903,DEU,1,368,0.002717391304347826,Alemania,Europa,Europa
1903,FRA,1,368,0.002717391304347826,Francia,Europa,Europa
1903,GBR,5,368,0.01358695652173913,Reino Unido,Europa,Europa
1903,IRL,4,368,0.010869565217391304,Irlanda,Europa,Europa
1903,NOR,2,368,0.005434782608695652,Noruega,Europa,Europa
1903,USA,351,368,0.9538043478260869,Estados Unidos,América,Norteamérica
1904,AUT,1,364,0.0027472527472527475,Austria,Europa,Europa
1904,CAN,3,364,0.008241758241758242,Canadá,América,Norteamérica
1904,CHE,1,364,0.0027472527472527475,Suiza,Europa,Europa
1904,DEU,1,364,0.0027472527472527475,Alemania,Europa,Europa
1904,GBR,4,364,0.01098901098901099,Reino Unido,Europa,Europa
1904,IRL,6,364,0.016483516483516484,Irlanda,Europa,Europa
1904,NOR,1,364,0.0027472527472527475,Noruega,Europa,Europa
1904,SWE,1,364,0.0027472527472527475,Suecia,Europa,Europa
1904,USA,346,364,0.9505494505494505,Estados Unidos,América,Norteamérica
1905,CAN,8,390,0.020512820512820513,Canadá,América,Norteamérica
1905,CHE,1,390,0.002564102564102564,Suiza,Europa,Europa
1905,DEU,2,390,0.005128205128205128,Alemania,Europa,Europa
1905,GBR,3,390,0.007692307692307693,Reino Unido,Europa,Europa
1905,IRL,3,390,0.007692307692307693,Irlanda,Europa,Europa
1905,NOR,2,390,0.005128205128205128,Noruega,Europa,Europa
1905,SWE,1,390,0.002564102564102564,Suecia,Europa,Europa
1905,USA,370,390,0.9487179487179487,Estados Unidos,América,Norteamérica
1906,CAN,6,412,0.014563106796116505,Canadá,América,Norteamérica
1906,CHE,1,412,0.0024271844660194173,Suiza,Europa,Europa
1906,DEU,2,412,0.0048543689320388345,Alemania,Europa,Europa
1906,GBR,3,412,0.007281553398058253,Reino Unido,Europa,Europa
1906,IRL,4,412,0.009708737864077669,Irlanda,Europa,Europa
1906,NOR,2,412,0.0048543689320388345,Noruega,Europa,Europa
1906,RUS,1,412,0.0024271844660194173,Rusia,Europa,Europa
1906,SWE,1,412,0.0024271844660194173,Suecia,Europa,Europa
1906,USA,392,412,0.9514563106796117,Estados Unidos,América,Norteamérica
1907,CAN,5,419,0.011933174224343675,Canadá,América,Norteamérica
1907,CHE,1,419,0.002386634844868735,Suiza,Europa,Europa
1907,DEU,1,419,0.002386634844868735,Alemania,Europa,Europa
1907,GBR,4,419,0.00954653937947494,Reino Unido,Europa,Europa
1907,IRL,4,419,0.00954653937947494,Irlanda,Europa,Europa
1907,NOR,1,419,0.002386634844868735,Noruega,Europa,Europa
1907,SWE,1,419,0.002386634844868735,Suecia,Europa,Europa
1907,USA,402,419,0.9594272076372315,Estados Unidos,América,Norteamérica
1908,CAN,5,440,0.011363636363636364,Canadá,América,Norteamérica
1908,CHE,1,440,0.0022727272727272726,Suiza,Europa,Europa
1908,DEU,2,440,0.004545454545454545,Alemania,Europa,Europa
1908,GBR,5,440,0.011363636363636364,Reino Unido,Europa,Europa
1908,IRL,3,440,0.006818181818181818,Irlanda,Europa,Europa
1908,NOR,1,440,0.0022727272727272726,Noruega,Europa,Europa
1908,USA,423,440,0.9613636363636363,Estados Unidos,América,Norteamérica
1909,AUT,2,504,0.003968253968253968,Austria,Europa,Europa
1909,CAN,6,504,0.011904761904761904,Canadá,América,Norteamérica
1909,CUB,1,504,0.001984126984126984,Cuba,América,Caribe
1909,DEU,1,504,0.001984126984126984,Alemania,Europa,Europa
1909,GBR,5,504,0.00992063492063492,Reino Unido,Europa,Europa
1909,IRL,4,504,0.007936507936507936,Irlanda,Europa,Europa
1909,NLD,2,504,0.003968253968253968,Países Bajos,Europa,Europa
1909,USA,483,504,0.9583333333333334,Estados Unidos,América,Norteamérica
1910,AUT,2,508,0.003937007874015748,Austria,Europa,Europa
1910,CAN,8,508,0.015748031496062992,Canadá,América,Norteamérica
1910,CUB,1,508,0.001968503937007874,Cuba,América,Caribe
1910,GBR,4,508,0.007874015748031496,Reino Unido,Europa,Europa
1910,IRL,3,508,0.005905511811023622,Irlanda,Europa,Europa
1910,NLD,2,508,0.003937007874015748,Países Bajos,Europa,Europa
1910,RUS,1,508,0.001968503937007874,Rusia,Europa,Europa
1910,USA,487,508,0.9586614173228346,Estados Unidos,América,Norteamérica
1911,AUT,2,535,0.003738317757009346,Austria,Europa,Europa
1911,CAN,8,535,0.014953271028037384,Canadá,América,Norteamérica
1911,CUB,3,535,0.005607476635514018,Cuba,América,Caribe
1911,DEU,1,535,0.001869158878504673,Alemania,Europa,Europa
1911,DNK,1,535,0.001869158878504673,Dinamarca,Europa,Europa
1911,FRA,1,535,0.001869158878504673,Francia,Europa,Europa
1911,GBR,2,535,0.003738317757009346,Reino Unido,Europa,Europa
1911,IRL,2,535,0.003738317757009346,Irlanda,Europa,Europa
1911,NLD,1,535,0.001869158878504673,Países Bajos,Europa,Europa
1911,RUS,1,535,0.001869158878504673,Rusia,Europa,Europa
1911,USA,513,535,0.9588785046728971,Estados Unidos,América,Norteamérica
1912,AUT,1,604,0.0016556291390728477,Austria,Europa,Europa
1912,CAN,8,604,0.013245033112582781,Canadá,América,Norteamérica
1912,CHE,1,604,0.0016556291390728477,Suiza,Europa,Europa
1912,CUB,3,604,0.004966887417218543,Cuba,América,Caribe
1912,DEU,2,604,0.0033112582781456954,Alemania,Europa,Europa
1912,DNK,1,604,0.0016556291390728477,Dinamarca,Europa,Europa
1912,FRA,1,604,0.0016556291390728477,Francia,Europa,Europa
1912,GBR,3,604,0.004966887417218543,Reino Unido,Europa,Europa
1912,IRL,3,604,0.004966887417218543,Irlanda,Europa,Europa
1912,NLD,1,604,0.0016556291390728477,Países Bajos,Europa,Europa
1912,RUS,1,604,0.0016556291390728477,Rusia,Europa,Europa
1912,USA,579,604,0.9586092715231788,Estados Unidos,América,Norteamérica
1913,AUT,1,582,0.001718213058419244,Austria,Europa,Europa
1913,CAN,6,582,0.010309278350515464,Canadá,América,Norteamérica
1913,CHE,1,582,0.001718213058419244,Suiza,Europa,Europa
1913,CUB,4,582,0.006872852233676976,Cuba,América,Caribe
1913,DEU,1,582,0.001718213058419244,Alemania,Europa,Europa
1913,DNK,1,582,0.001718213058419244,Dinamarca,Europa,Europa
1913,ESP,1,582,0.001718213058419244,España,Europa,Europa
1913,GBR,2,582,0.003436426116838488,Reino Unido,Europa,Europa
1913,IRL,3,582,0.005154639175257732,Irlanda,Europa,Europa
1913,NLD,1,582,0.001718213058419244,Países Bajos,Europa,Europa
1913,RUS,2,582,0.003436426116838488,Rusia,Europa,Europa
1913,USA,559,582,0.9604810996563574,Estados Unidos,América,Norteamérica
1914,AUT,2,740,0.002702702702702703,Austria,Europa,Europa
1914,CAN,7,740,0.00945945945945946,Canadá,América,Norteamérica
1914,CHE,1,740,0.0013513513513513514,Suiza,Europa,Europa
1914,CHN,1,740,0.0013513513513513514,China,Asia,Asia Oriental
1914,CUB,7,740,0.00945945945945946,Cuba,América,Caribe
1914,DEU,3,740,0.004054054054054054,Alemania,Europa,Europa
1914,DNK,1,740,0.0013513513513513514,Dinamarca,Europa,Europa
1914,GBR,3,740,0.004054054054054054,Reino Unido,Europa,Europa
1914,IRL,4,740,0.005405405405405406,Irlanda,Europa,Europa
1914,NLD,1,740,0.0013513513513513514,Países Bajos,Europa,Europa
1914,RUS,2,740,0.002702702702702703,Rusia,Europa,Europa
1914,SWE,2,740,0.002702702702702703,Suecia,Europa,Europa
1914,USA,705,740,0.9527027027027027,Estados Unidos,América,Norteamérica
1915,AUT,1,733,0.001364256480218281,Austria,Europa,Europa
1915,CAN,7,733,0.009549795361527967,Canadá,América,Norteamérica
1915,CHE,1,733,0.001364256480218281,Suiza,Europa,Europa
1915,CUB,6,733,0.008185538881309686,Cuba,América,Caribe
1915,DEU,2,733,0.002728512960436562,Alemania,Europa,Europa
1915,DNK,1,733,0.001364256480218281,Dinamarca,Europa,Europa
1915,GBR,3,733,0.004092769440654843,Reino Unido,Europa,Europa
1915,IRL,3,733,0.004092769440654843,Irlanda,Europa,Europa
1915,RUS,2,733,0.002728512960436562,Rusia,Europa,Europa
1915,USA,707,733,0.9645293315143247,Estados Unidos,América,Norteamérica
1916,CAN,4,527,0.007590132827324478,Canadá,América,Norteamérica
1916,CUB,6,527,0.011385199240986717,Cuba,América,Caribe
1916,DEU,1,527,0.0018975332068311196,Alemania,Europa,Europa
1916,DNK,1,527,0.0018975332068311196,Dinamarca,Europa,Europa
1916,GBR,2,527,0.003795066413662239,Reino Unido,Europa,Europa
1916,IRL,3,527,0.0056925996204933585,Irlanda,Europa,Europa
1916,RUS,2,527,0.003795066413662239,Rusia,Europa,Europa
1916,SWE,2,527,0.003795066413662239,Suecia,Europa,Europa
1916,USA,506,527,0.9601518026565465,Estados Unidos,América,Norteamérica
1917,CAN,4,490,0.00816326530612245,Canadá,América,Norteamérica
1917,CUB,5,490,0.01020408163265306,Cuba,América,Caribe
1917,DEU,1,490,0.0020408163265306124,Alemania,Europa,Europa
1917,DNK,1,490,0.0020408163265306124,Dinamarca,Europa,Europa
1917,GBR,1,490,0.0020408163265306124,Reino Unido,Europa,Europa
1917,IRL,2,490,0.004081632653061225,Irlanda,Europa,Europa
1917,RUS,2,490,0.004081632653061225,Rusia,Europa,Europa
1917,USA,474,490,0.9673469387755103,Estados Unidos,América,Norteamérica
1918,AUT,1,489,0.002044989775051125,Austria,Europa,Europa
1918,CAN,5,489,0.010224948875255624,Canadá,América,Norteamérica
1918,CUB,8,489,0.016359918200409,Cuba,América,Caribe
1918,DEU,1,489,0.002044989775051125,Alemania,Europa,Europa
1918,GBR,1,489,0.002044989775051125,Reino Unido,Europa,Europa
1918,IRL,2,489,0.00408997955010225,Irlanda,Europa,Europa
1918,RUS,1,489,0.002044989775051125,Rusia,Europa,Europa
1918,SWE,1,489,0.002044989775051125,Suecia,Europa,Europa
1918,USA,469,489,0.9591002044989775,Estados Unidos,América,Norteamérica
1919,AUT,1,479,0.0020876826722338203,Austria,Europa,Europa
1919,CAN,4,479,0.008350730688935281,Canadá,América,Norteamérica
1919,CUB,4,479,0.008350730688935281,Cuba,América,Caribe
1919,DEU,1,479,0.0020876826722338203,Alemania,Europa,Europa
1919,GBR,2,479,0.0041753653444676405,Reino Unido,Europa,Europa
1919,RUS,1,479,0.0020876826722338203,Rusia,Europa,Europa
1919,SWE,1,479,0.0020876826722338203,Suecia,Europa,Europa
1919,USA,465,479,0.9707724425887265,Estados Unidos,América,Norteamérica
1920,AUT,1,495,0.00202020202020202,Austria,Europa,Europa
1920,CAN,5,495,0.010101010101010102,Canadá,América,Norteamérica
1920,CUB,6,495,0.012121212121212121,Cuba,América,Caribe
1920,GBR,1,495,0.00202020202020202,Reino Unido,Europa,Europa
1920,RUS,1,495,0.00202020202020202,Rusia,Europa,Europa
1920,SWE,1,495,0.00202020202020202,Suecia,Europa,Europa
1920,USA,480,495,0.9696969696969697,Estados Unidos,América,Norteamérica
1921,AUT,1,492,0.0020325203252032522,Austria,Europa,Europa
1921,CAN,4,492,0.008130081300813009,Canadá,América,Norteamérica
1921,CUB,5,492,0.01016260162601626,Cuba,América,Caribe
1921,FIN,1,492,0.0020325203252032522,Finlandia,Europa,Europa
1921,GBR,1,492,0.0020325203252032522,Reino Unido,Europa,Europa
1921,RUS,2,492,0.0040650406504065045,Rusia,Europa,Europa
1921,SWE,1,492,0.0020325203252032522,Suecia,Europa,Europa
1921,USA,477,492,0.9695121951219512,Estados Unidos,América,Norteamérica
1922,AUT,1,497,0.002012072434607646,Austria,Europa,Europa
1922,CAN,3,497,0.006036217303822937,Canadá,América,Norteamérica
1922,CUB,3,497,0.006036217303822937,Cuba,América,Caribe
1922,DEU,1,497,0.002012072434607646,Alemania,Europa,Europa
1922,GBR,1,497,0.002012072434607646,Reino Unido,Europa,Europa
1922,RUS,1,497,0.002012072434607646,Rusia,Europa,Europa
1922,SWE,1,497,0.002012072434607646,Suecia,Europa,Europa
1922,USA,486,497,0.9778672032193159,Estados Unidos,América,Norteamérica
1923,AUT,1,513,0.001949317738791423,Austria,Europa,Europa
1923,CAN,2,513,0.003898635477582846,Canadá,América,Norteamérica
1923,CUB,1,513,0.001949317738791423,Cuba,América,Caribe
1923,DEU,1,513,0.001949317738791423,Alemania,Europa,Europa
1923,GBR,1,513,0.001949317738791423,Reino Unido,Europa,Europa
1923,RUS,1,513,0.001949317738791423,Rusia,Europa,Europa
1923,USA,506,513,0.98635477582846,Estados Unidos,América,Norteamérica
1924,AUT,1,529,0.001890359168241966,Austria,Europa,Europa
1924,CAN,2,529,0.003780718336483932,Canadá,América,Norteamérica
1924,CUB,3,529,0.005671077504725898,Cuba,América,Caribe
1924,RUS,1,529,0.001890359168241966,Rusia,Europa,Europa
1924,USA,522,529,0.9867674858223062,Estados Unidos,América,Norteamérica
1925,AUT,2,526,0.0038022813688212928,Austria,Europa,Europa
1925,CAN,2,526,0.0038022813688212928,Canadá,América,Norteamérica
1925,CUB,4,526,0.0076045627376425855,Cuba,América,Caribe
1925,GBR,1,526,0.0019011406844106464,Reino Unido,Europa,Europa
1925,USA,517,526,0.9828897338403042,Estados Unidos,América,Norteamérica
1926,AUT,2,502,0.00398406374501992,Austria,Europa,Europa
1926,CAN,1,502,0.00199203187250996,Canadá,América,Norteamérica
1926,CUB,4,502,0.00796812749003984,Cuba,América,Caribe
1926,DEU,1,502,0.00199203187250996,Alemania,Europa,Europa
1926,GBR,1,502,0.00199203187250996,Reino Unido,Europa,Europa
1926,USA,493,502,0.9820717131474104,Estados Unidos,América,Norteamérica
1927,AUT,2,512,0.00390625,Austria,Europa,Europa
1927,CAN,1,512,0.001953125,Canadá,América,Norteamérica
1927,CUB,3,512,0.005859375,Cuba,América,Caribe
1927,DEU,1,512,0.001953125,Alemania,Europa,Europa
1927,GBR,1,512,0.001953125,Reino Unido,Europa,Europa
1927,USA,504,512,0.984375,Estados Unidos,América,Norteamérica
1928,AUT,1,505,0.0019801980198019802,Austria,Europa,Europa
1928,CAN,1,505,0.0019801980198019802,Canadá,América,Norteamérica
1928,CUB,3,505,0.005940594059405941,Cuba,América,Caribe
1928,GBR,1,505,0.0019801980198019802,Reino Unido,Europa,Europa
1928,USA,499,505,0.9881188118811881,Estados Unidos,América,Norteamérica
1929,AUT,1,510,0.00196078431372549,Austria,Europa,Europa
1929,CAN,1,510,0.00196078431372549,Canadá,América,Norteamérica
1929,CUB,3,510,0.0058823529411764705,Cuba,América,Caribe
1929,GBR,1,510,0.00196078431372549,Reino Unido,Europa,Europa
1929,NOR,1,510,0.00196078431372549,Noruega,Europa,Europa
1929,POL,1,510,0.00196078431372549,Polonia,Europa,Europa
1929,USA,502,510,0.984313725490196,Estados Unidos,América,Norteamérica
1930,AUT,1,493,0.002028397565922921,Austria,Europa,Europa
1930,CAN,2,493,0.004056795131845842,Canadá,América,Norteamérica
1930,CUB,1,493,0.002028397565922921,Cuba,América,Caribe
1930,NOR,1,493,0.002028397565922921,Noruega,Europa,Europa
1930,USA,488,493,0.9898580121703854,Estados Unidos,América,Norteamérica
1931,AUT,1,492,0.0020325203252032522,Austria,Europa,Europa
1931,CAN,2,492,0.0040650406504065045,Canadá,América,Norteamérica
1931,CUB,2,492,0.0040650406504065045,Cuba,América,Caribe
1931,DEU,1,492,0.0020325203252032522,Alemania,Europa,Europa
1931,NOR,1,492,0.0020325203252032522,Noruega,Europa,Europa
1931,POL,1,492,0.0020325203252032522,Polonia,Europa,Europa
1931,USA,484,492,0.983739837398374,Estados Unidos,América,Norteamérica
1932,AUT,1,491,0.002036659877800407,Austria,Europa,Europa
1932,CAN,2,491,0.004073319755600814,Canadá,América,Norteamérica
1932,CUB,2,491,0.004073319755600814,Cuba,América,Caribe
1932,ITA,1,491,0.002036659877800407,Italia,Europa,Europa
1932,NOR,1,491,0.002036659877800407,Noruega,Europa,Europa
1932,POL,2,491,0.004073319755600814,Polonia,Europa,Europa
1932,RUS,1,491,0.002036659877800407,Rusia,Europa,Europa
1932,USA,481,491,0.9796334012219959,Estados Unidos,América,Norteamérica
1933,AUT,1,460,0.002173913043478261,Austria,Europa,Europa
1933,CAN,1,460,0.002173913043478261,Canadá,América,Norteamérica
1933,CUB,1,460,0.002173913043478261,Cuba,América,Caribe
1933,LVA,1,460,0.002173913043478261,Letonia,Europa,Europa
1933,MEX,1,460,0.002173913043478261,México,América,Norteamérica
1933,NOR,1,460,0.002173913043478261,Noruega,Europa,Europa
1933,USA,454,460,0.9869565217391304,Estados Unidos,América,Norteamérica
1934,CAN,2,487,0.004106776180698152,Canadá,América,Norteamérica
1934,CUB,2,487,0.004106776180698152,Cuba,América,Caribe
1934,MEX,1,487,0.002053388090349076,México,América,Norteamérica
1934,NOR,1,487,0.002053388090349076,Noruega,Europa,Europa
1934,USA,481,487,0.9876796714579056,Estados Unidos,América,Norteamérica
1935,CAN,1,484,0.002066115702479339,Canadá,América,Norteamérica
1935,CUB,3,484,0.006198347107438017,Cuba,América,Caribe
1935,MEX,2,484,0.004132231404958678,México,América,Norteamérica
1935,NOR,1,484,0.002066115702479339,Noruega,Europa,Europa
1935,USA,477,484,0.9855371900826446,Estados Unidos,América,Norteamérica
1936,CAN,2,481,0.004158004158004158,Canadá,América,Norteamérica
1936,CUB,2,481,0.004158004158004158,Cuba,América,Caribe
1936,MEX,2,481,0.004158004158004158,México,América,Norteamérica
1936,NOR,1,481,0.002079002079002079,Noruega,Europa,Europa
1936,USA,474,481,0.9854469854469855,Estados Unidos,América,Norteamérica
1937,CAN,4,498,0.008032128514056224,Canadá,América,Norteamérica
1937,CUB,2,498,0.004016064257028112,Cuba,América,Caribe
1937,ITA,1,498,0.002008032128514056,Italia,Europa,Europa
1937,MEX,1,498,0.002008032128514056,México,América,Norteamérica
1937,NOR,1,498,0.002008032128514056,Noruega,Europa,Europa
1937,USA,489,498,0.9819277108433735,Estados Unidos,América,Norteamérica
1938,CAN,5,502,0.0099601593625498,Canadá,América,Norteamérica
1938,CUB,2,502,0.00398406374501992,Cuba,América,Caribe
1938,ITA,1,502,0.00199203187250996,Italia,Europa,Europa
1938,MEX,1,502,0.00199203187250996,México,América,Norteamérica
1938,NOR,1,502,0.00199203187250996,Noruega,Europa,Europa
1938,USA,492,502,0.9800796812749004,Estados Unidos,América,Norteamérica
1939,CAN,4,533,0.0075046904315197,Canadá,América,Norteamérica
1939,CUB,2,533,0.00375234521575985,Cuba,América,Caribe
1939,MEX,1,533,0.001876172607879925,México,América,Norteamérica
1939,NOR,1,533,0.001876172607879925,Noruega,Europa,Europa
1939,USA,524,533,0.9831144465290806,Estados Unidos,América,Norteamérica
1939,VEN,1,533,0.001876172607879925,Venezuela,América,Sudamérica
1940,CAN,5,514,0.009727626459143969,Canadá,América,Norteamérica
1940,CUB,2,514,0.0038910505836575876,Cuba,América,Caribe
1940,CZE,1,514,0.0019455252918287938,Chequia,Europa,Europa
1940,ITA,1,514,0.0019455252918287938,Italia,Europa,Europa
1940,USA,504,514,0.980544747081712,Estados Unidos,América,Norteamérica
1940,VEN,1,514,0.0019455252918287938,Venezuela,América,Sudamérica
1941,CAN,9,546,0.016483516483516484,Canadá,América,Norteamérica
1941,CUB,3,546,0.005494505494505495,Cuba,América,Caribe
1941,CZE,1,546,0.0018315018315018315,Chequia,Europa,Europa
1941,USA,532,546,0.9743589743589743,Estados Unidos,América,Norteamérica
1941,VEN,1,546,0.0018315018315018315,Venezuela,América,Sudamérica
1942,CAN,10,512,0.01953125,Canadá,América,Norteamérica
1942,CUB,4,512,0.0078125,Cuba,América,Caribe
1942,CZE,1,512,0.001953125,Chequia,Europa,Europa
1942,MEX,2,512,0.00390625,México,América,Norteamérica
1942,PRI,1,512,0.001953125,Puerto Rico,América,Caribe
1942,USA,493,512,0.962890625,Estados Unidos,América,Norteamérica
1942,VEN,1,512,0.001953125,Venezuela,América,Sudamérica
1943,CAN,6,519,0.011560693641618497,Canadá,América,Norteamérica
1943,CUB,5,519,0.009633911368015413,Cuba,América,Caribe
1943,CZE,1,519,0.0019267822736030828,Chequia,Europa,Europa
1943,DEU,1,519,0.0019267822736030828,Alemania,Europa,Europa
1943,GRC,1,519,0.0019267822736030828,Grecia,Europa,Europa
1943,MEX,1,519,0.0019267822736030828,México,América,Norteamérica
1943,PRI,2,519,0.0038535645472061657,Puerto Rico,América,Caribe
1943,USA,501,519,0.9653179190751445,Estados Unidos,América,Norteamérica
1943,VEN,1,519,0.0019267822736030828,Venezuela,América,Sudamérica
1944,CAN,7,548,0.012773722627737226,Canadá,América,Norteamérica
1944,CUB,12,548,0.021897810218978103,Cuba,América,Caribe
1944,ITA,1,548,0.0018248175182481751,Italia,Europa,Europa
1944,MEX,1,548,0.0018248175182481751,México,América,Norteamérica
1944,PRI,1,548,0.0018248175182481751,Puerto Rico,América,Caribe
1944,USA,524,548,0.9562043795620438,Estados Unidos,América,Norteamérica
1944,VEN,2,548,0.0036496350364963502,Venezuela,América,Sudamérica
1945,CAN,9,547,0.016453382084095063,Canadá,América,Norteamérica
1945,CUB,12,547,0.021937842778793418,Cuba,América,Caribe
1945,DEU,1,547,0.0018281535648994515,Alemania,Europa,Europa
1945,IRL,1,547,0.0018281535648994515,Irlanda,Europa,Europa
1945,ITA,1,547,0.0018281535648994515,Italia,Europa,Europa
1945,MEX,1,547,0.0018281535648994515,México,América,Norteamérica
1945,PRI,1,547,0.0018281535648994515,Puerto Rico,América,Caribe
1945,USA,520,547,0.9506398537477148,Estados Unidos,América,Norteamérica
1945,VEN,1,547,0.0018281535648994515,Venezuela,América,Sudamérica
1946,CAN,12,633,0.018957345971563982,Canadá,América,Norteamérica
1946,CUB,3,633,0.004739336492890996,Cuba,América,Caribe
1946,CZE,1,633,0.001579778830963665,Chequia,Europa,Europa
1946,DEU,1,633,0.001579778830963665,Alemania,Europa,Europa
1946,GBR,1,633,0.001579778830963665,Reino Unido,Europa,Europa
1946,ITA,1,633,0.001579778830963665,Italia,Europa,Europa
1946,MEX,1,633,0.001579778830963665,México,América,Norteamérica
1946,PRI,1,633,0.001579778830963665,Puerto Rico,América,Caribe
1946,USA,612,633,0.966824644549763,Estados Unidos,América,Norteamérica
1947,CAN,7,544,0.012867647058823529,Canadá,América,Norteamérica
1947,CUB,2,544,0.003676470588235294,Cuba,América,Caribe
1947,CZE,1,544,0.001838235294117647,Chequia,Europa,Europa
1947,DEU,1,544,0.001838235294117647,Alemania,Europa,Europa
1947,GBR,1,544,0.001838235294117647,Reino Unido,Europa,Europa
1947,ITA,2,544,0.003676470588235294,Italia,Europa,Europa
1947,MEX,1,544,0.001838235294117647,México,América,Norteamérica
1947,PRI,1,544,0.001838235294117647,Puerto Rico,América,Caribe
1947,USA,528,544,0.9705882352941176,Estados Unidos,América,Norteamérica
1948,CAN,5,542,0.00922509225092251,Canadá,América,Norteamérica
1948,CUB,4,542,0.007380073800738007,Cuba,América,Caribe
1948,CZE,1,542,0.0018450184501845018,Chequia,Europa,Europa
1948,GBR,1,542,0.0018450184501845018,Reino Unido,Europa,Europa
1948,ITA,1,542,0.0018450184501845018,Italia,Europa,Europa
1948,USA,530,542,0.977859778597786,Estados Unidos,América,Norteamérica
1949,AUT,1,532,0.0018796992481203006,Austria,Europa,Europa
1949,CAN,6,532,0.011278195488721804,Canadá,América,Norteamérica
1949,CUB,7,532,0.013157894736842105,Cuba,América,Caribe
1949,CZE,1,532,0.0018796992481203006,Chequia,Europa,Europa
1949,GBR,1,532,0.0018796992481203006,Reino Unido,Europa,Europa
1949,ITA,2,532,0.0037593984962406013,Italia,Europa,Europa
1949,MEX,1,532,0.0018796992481203006,México,América,Norteamérica
1949,PRI,1,532,0.0018796992481203006,Puerto Rico,América,Caribe
1949,USA,511,532,0.9605263157894737,Estados Unidos,América,Norteamérica
1949,VEN,1,532,0.0018796992481203006,Venezuela,América,Sudamérica
1950,CAN,6,530,0.011320754716981131,Canadá,América,Norteamérica
1950,CUB,10,530,0.018867924528301886,Cuba,América,Caribe
1950,CZE,1,530,0.0018867924528301887,Chequia,Europa,Europa
1950,GBR,1,530,0.0018867924528301887,Reino Unido,Europa,Europa
1950,ITA,1,530,0.0018867924528301887,Italia,Europa,Europa
1950,MEX,2,530,0.0037735849056603774,México,América,Norteamérica
1950,PRI,1,530,0.0018867924528301887,Puerto Rico,América,Caribe
1950,USA,507,530,0.9566037735849057,Estados Unidos,América,Norteamérica
1950,VEN,1,530,0.0018867924528301887,Venezuela,América,Sudamérica
1951,AUT,1,543,0.001841620626151013,Austria,Europa,Europa
1951,CAN,6,543,0.011049723756906077,Canadá,América,Norteamérica
1951,CUB,10,543,0.01841620626151013,Cuba,América,Caribe
1951,CZE,1,543,0.001841620626151013,Chequia,Europa,Europa
1951,FRA,1,543,0.001841620626151013,Francia,Europa,Europa
1951,GBR,1,543,0.001841620626151013,Reino Unido,Europa,Europa
1951,MEX,2,543,0.003683241252302026,México,América,Norteamérica
1951,PRI,2,543,0.003683241252302026,Puerto Rico,América,Caribe
1951,USA,518,543,0.9539594843462247,Estados Unidos,América,Norteamérica
1951,VEN,1,543,0.001841620626151013,Venezuela,América,Sudamérica
1952,CAN,5,556,0.008992805755395683,Canadá,América,Norteamérica
1952,CUB,13,556,0.023381294964028777,Cuba,América,Caribe
1952,CZE,2,556,0.0035971223021582736,Chequia,Europa,Europa
1952,GBR,1,556,0.0017985611510791368,Reino Unido,Europa,Europa
1952,MEX,1,556,0.0017985611510791368,México,América,Norteamérica
1952,USA,533,556,0.9586330935251799,Estados Unidos,América,Norteamérica
1952,VEN,1,556,0.0017985611510791368,Venezuela,América,Sudamérica
1953,CAN,1,534,0.0018726591760299626,Canadá,América,Norteamérica
1953,CUB,10,534,0.018726591760299626,Cuba,América,Caribe
1953,CZE,1,534,0.0018726591760299626,Chequia,Europa,Europa
1953,GBR,1,534,0.0018726591760299626,Reino Unido,Europa,Europa
1953,ITA,1,534,0.0018726591760299626,Italia,Europa,Europa
1953,MEX,2,534,0.003745318352059925,México,América,Norteamérica
1953,PRI,2,534,0.003745318352059925,Puerto Rico,América,Caribe
1953,USA,514,534,0.9625468164794008,Estados Unidos,América,Norteamérica
1953,VEN,2,534,0.003745318352059925,Venezuela,América,Sudamérica
1954,CAN,3,536,0.005597014925373134,Canadá,América,Norteamérica
1954,CUB,9,536,0.016791044776119403,Cuba,América,Caribe
1954,CZE,1,536,0.0018656716417910447,Chequia,Europa,Europa
1954,GBR,1,536,0.0018656716417910447,Reino Unido,Europa,Europa
1954,ITA,1,536,0.0018656716417910447,Italia,Europa,Europa
1954,MEX,4,536,0.007462686567164179,México,América,Norteamérica
1954,PRI,5,536,0.009328358208955223,Puerto Rico,América,Caribe
1954,USA,510,536,0.9514925373134329,Estados Unidos,América,Norteamérica
1954,VEN,2,536,0.0037313432835820895,Venezuela,América,Sudamérica
1955,CAN,5,599,0.008347245409015025,Canadá,América,Norteamérica
1955,CUB,16,599,0.02671118530884808,Cuba,América,Caribe
1955,CZE,1,599,0.001669449081803005,Chequia,Europa,Europa
1955,GBR,1,599,0.001669449081803005,Reino Unido,Europa,Europa
1955,ITA,1,599,0.001669449081803005,Italia,Europa,Europa
1955,MEX,3,599,0.005008347245409015,México,América,Norteamérica
1955,PAN,3,599,0.005008347245409015,Panamá,América,Centroamérica
1955,PRI,6,599,0.01001669449081803,Puerto Rico,América,Caribe
1955,USA,561,599,0.9365609348914858,Estados Unidos,América,Norteamérica
1955,VEN,2,599,0.00333889816360601,Venezuela,América,Sudamérica
1956,CAN,1,552,0.0018115942028985507,Canadá,América,Norteamérica
1956,CUB,13,552,0.02355072463768116,Cuba,América,Caribe
1956,CZE,1,552,0.0018115942028985507,Chequia,Europa,Europa
1956,DOM,1,552,0.0018115942028985507,República Dominicana,América,Caribe
1956,GBR,1,552,0.0018115942028985507,Reino Unido,Europa,Europa
1956,ITA,1,552,0.0018115942028985507,Italia,Europa,Europa
1956,MEX,1,552,0.0018115942028985507,México,América,Norteamérica
1956,PAN,3,552,0.005434782608695652,Panamá,América,Centroamérica
1956,POL,1,552,0.0018115942028985507,Polonia,Europa,Europa
1956,PRI,6,552,0.010869565217391304,Puerto Rico,América,Caribe
1956,USA,520,552,0.9420289855072463,Estados Unidos,América,Norteamérica
1956,VEN,3,552,0.005434782608695652,Venezuela,América,Sudamérica
1957,BHS,1,563,0.0017761989342806395,Bahamas,América,Caribe
1957,CAN,3,563,0.0053285968028419185,Canadá,América,Norteamérica
1957,CUB,14,563,0.02486678507992895,Cuba,América,Caribe
1957,CZE,1,563,0.0017761989342806395,Chequia,Europa,Europa
1957,DOM,1,563,0.0017761989342806395,República Dominicana,América,Caribe
1957,GBR,1,563,0.0017761989342806395,Reino Unido,Europa,Europa
1957,ITA,1,563,0.0017761989342806395,Italia,Europa,Europa
1957,MEX,1,563,0.0017761989342806395,México,América,Norteamérica
1957,PAN,1,563,0.0017761989342806395,Panamá,América,Centroamérica
1957,POL,1,563,0.0017761989342806395,Polonia,Europa,Europa
1957,PRI,7,563,0.012433392539964476,Puerto Rico,América,Caribe
1957,USA,528,563,0.9378330373001776,Estados Unidos,América,Norteamérica
1957,VEN,3,563,0.0053285968028419185,Venezuela,América,Sudamérica
1958,BHS,1,580,0.0017241379310344827,Bahamas,América,Caribe
1958,CAN,1,580,0.0017241379310344827,Canadá,América,Norteamérica
1958,CUB,14,580,0.02413793103448276,Cuba,América,Caribe
1958,CZE,1,580,0.0017241379310344827,Chequia,Europa,Europa
1958,DOM,2,580,0.0034482758620689655,República Dominicana,América,Caribe
1958,GBR,1,580,0.0017241379310344827,Reino Unido,Europa,Europa
1958,ITA,1,580,0.0017241379310344827,Italia,Europa,Europa
1958,MEX,4,580,0.006896551724137931,México,América,Norteamérica
1958,PAN,2,580,0.0034482758620689655,Panamá,América,Centroamérica
1958,POL,1,580,0.0017241379310344827,Polonia,Europa,Europa
1958,PRI,7,580,0.01206896551724138,Puerto Rico,América,Caribe
1958,USA,542,580,0.9344827586206896,Estados Unidos,América,Norteamérica
1958,VEN,3,580,0.005172413793103448,Venezuela,América,Sudamérica
1959,BHS,1,571,0.0017513134851138354,Bahamas,América,Caribe
1959,CAN,3,571,0.005253940455341506,Canadá,América,Norteamérica
1959,CUB,17,571,0.0297723292469352,Cuba,América,Caribe
1959,CZE,1,571,0.0017513134851138354,Chequia,Europa,Europa
1959,DOM,1,571,0.0017513134851138354,República Dominicana,América,Caribe
1959,GBR,1,571,0.0017513134851138354,Reino Unido,Europa,Europa
1959,ITA,1,571,0.0017513134851138354,Italia,Europa,Europa
1959,MEX,1,571,0.0017513134851138354,México,América,Norteamérica
1959,PAN,2,571,0.0035026269702276708,Panamá,América,Centroamérica
1959,POL,1,571,0.0017513134851138354,Polonia,Europa,Europa
1959,PRI,9,571,0.01576182136602452,Puerto Rico,América,Caribe
1959,USA,530,571,0.9281961471103327,Estados Unidos,América,Norteamérica
1959,VEN,2,571,0.0035026269702276708,Venezuela,América,Sudamérica
1959,VIR,1,571,0.0017513134851138354,Islas Vírgenes (EE.UU.),América,Caribe
1960,BHS,2,575,0.0034782608695652175,Bahamas,América,Caribe
1960,CAN,4,575,0.006956521739130435,Canadá,América,Norteamérica
1960,CUB,22,575,0.03826086956521739,Cuba,América,Caribe
1960,CZE,1,575,0.0017391304347826088,Chequia,Europa,Europa
1960,DOM,7,575,0.01217391304347826,República Dominicana,América,Caribe
1960,GBR,1,575,0.0017391304347826088,Reino Unido,Europa,Europa
1960,ITA,1,575,0.0017391304347826088,Italia,Europa,Europa
1960,MEX,1,575,0.0017391304347826088,México,América,Norteamérica
1960,PAN,2,575,0.0034782608695652175,Panamá,América,Centroamérica
1960,POL,1,575,0.0017391304347826088,Polonia,Europa,Europa
1960,PRI,10,575,0.017391304347826087,Puerto Rico,América,Caribe
1960,USA,519,575,0.9026086956521739,Estados Unidos,América,Norteamérica
1960,VEN,3,575,0.0052173913043478265,Venezuela,América,Sudamérica
1960,VIR,1,575,0.0017391304347826088,Islas Vírgenes (EE.UU.),América,Caribe
1961,BHS,2,620,0.0032258064516129032,Bahamas,América,Caribe
1961,CAN,5,620,0.008064516129032258,Canadá,América,Norteamérica
1961,CUB,19,620,0.03064516129032258,Cuba,América,Caribe
1961,CZE,1,620,0.0016129032258064516,Chequia,Europa,Europa
1961,DOM,7,620,0.01129032258064516,República Dominicana,América,Caribe
1961,ITA,1,620,0.0016129032258064516,Italia,Europa,Europa
1961,MEX,1,620,0.0016129032258064516,México,América,Norteamérica
1961,PAN,2,620,0.0032258064516129032,Panamá,América,Centroamérica
1961,POL,1,620,0.0016129032258064516,Polonia,Europa,Europa
1961,PRI,9,620,0.014516129032258065,Puerto Rico,América,Caribe
1961,USA,568,620,0.9161290322580645,Estados Unidos,América,Norteamérica
1961,VEN,2,620,0.0032258064516129032,Venezuela,América,Sudamérica
1961,VIR,2,620,0.0032258064516129032,Islas Vírgenes (EE.UU.),América,Caribe
1962,BHS,1,702,0.0014245014245014246,Bahamas,América,Caribe
1962,CAN,10,702,0.014245014245014245,Canadá,América,Norteamérica
1962,CUB,23,702,0.03276353276353276,Cuba,América,Caribe
1962,DOM,9,702,0.01282051282051282,República Dominicana,América,Caribe
1962,ITA,1,702,0.0014245014245014246,Italia,Europa,Europa
1962,MEX,1,702,0.0014245014245014246,México,América,Norteamérica
1962,PAN,3,702,0.004273504273504274,Panamá,América,Centroamérica
1962,POL,1,702,0.0014245014245014246,Polonia,Europa,Europa
1962,PRI,12,702,0.017094017094017096,Puerto Rico,América,Caribe
1962,USA,636,702,0.905982905982906,Estados Unidos,América,Norteamérica
1962,VEN,2,702,0.002849002849002849,Venezuela,América,Sudamérica
1962,VIR,3,702,0.004273504273504274,Islas Vírgenes (EE.UU.),América,Caribe
1963,BHS,1,695,0.0014388489208633094,Bahamas,América,Caribe
1963,CAN,8,695,0.011510791366906475,Canadá,América,Norteamérica
1963,CUB,24,695,0.034532374100719423,Cuba,América,Caribe
1963,DOM,11,695,0.015827338129496403,República Dominicana,América,Caribe
1963,MEX,1,695,0.0014388489208633094,México,América,Norteamérica
1963,PAN,2,695,0.0028776978417266188,Panamá,América,Centroamérica
1963,POL,1,695,0.0014388489208633094,Polonia,Europa,Europa
1963,PRI,11,695,0.015827338129496403,Puerto Rico,América,Caribe
1963,USA,631,695,0.9079136690647482,Estados Unidos,América,Norteamérica
1963,VEN,2,695,0.0028776978417266188,Venezuela,América,Sudamérica
1963,VIR,3,695,0.004316546762589928,Islas Vírgenes (EE.UU.),América,Caribe
1964,BHS,1,700,0.0014285714285714286,Bahamas,América,Caribe
1964,CAN,8,700,0.011428571428571429,Canadá,América,Norteamérica
1964,CUB,25,700,0.03571428571428571,Cuba,América,Caribe
1964,DOM,13,700,0.018571428571428572,República Dominicana,América,Caribe
1964,JPN,1,700,0.0014285714285714286,Japón,Asia,Asia Oriental
1964,MEX,1,700,0.0014285714285714286,México,América,Norteamérica
1964,PAN,6,700,0.008571428571428572,Panamá,América,Centroamérica
1964,POL,1,700,0.0014285714285714286,Polonia,Europa,Europa
1964,PRI,11,700,0.015714285714285715,Puerto Rico,América,Caribe
1964,USA,629,700,0.8985714285714286,Estados Unidos,América,Norteamérica
1964,VEN,2,700,0.002857142857142857,Venezuela,América,Sudamérica
1964,VIR,2,700,0.002857142857142857,Islas Vírgenes (EE.UU.),América,Caribe
1965,BHS,1,702,0.0014245014245014246,Bahamas,América,Caribe
1965,CAN,9,702,0.01282051282051282,Canadá,América,Norteamérica
1965,CUB,26,702,0.037037037037037035,Cuba,América,Caribe
1965,DOM,11,702,0.01566951566951567,República Dominicana,América,Caribe
1965,JPN,1,702,0.0014245014245014246,Japón,Asia,Asia Oriental
1965,MEX,1,702,0.0014245014245014246,México,América,Norteamérica
1965,PAN,3,702,0.004273504273504274,Panamá,América,Centroamérica
1965,POL,1,702,0.0014245014245014246,Polonia,Europa,Europa
1965,PRI,13,702,0.018518518518518517,Puerto Rico,América,Caribe
1965,USA,630,702,0.8974358974358975,Estados Unidos,América,Norteamérica
1965,VEN,3,702,0.004273504273504274,Venezuela,América,Sudamérica
1965,VIR,3,702,0.004273504273504274,Islas Vírgenes (EE.UU.),América,Caribe
1966,BHS,2,714,0.0028011204481792717,Bahamas,América,Caribe
1966,CAN,10,714,0.014005602240896359,Canadá,América,Norteamérica
1966,CUB,29,714,0.04061624649859944,Cuba,América,Caribe
1966,DOM,13,714,0.018207282913165267,República Dominicana,América,Caribe
1966,MEX,2,714,0.0028011204481792717,México,América,Norteamérica
1966,PAN,5,714,0.0070028011204481795,Panamá,América,Centroamérica
1966,POL,1,714,0.0014005602240896359,Polonia,Europa,Europa
1966,PRI,11,714,0.015406162464985995,Puerto Rico,América,Caribe
1966,USA,635,714,0.8893557422969187,Estados Unidos,América,Norteamérica
1966,VEN,3,714,0.004201680672268907,Venezuela,América,Sudamérica
1966,VIR,3,714,0.004201680672268907,Islas Vírgenes (EE.UU.),América,Caribe
1967,BHS,1,718,0.001392757660167131,Bahamas,América,Caribe
1967,CAN,8,718,0.011142061281337047,Canadá,América,Norteamérica
1967,CUB,30,718,0.04178272980501393,Cuba,América,Caribe
1967,DOM,11,718,0.01532033426183844,República Dominicana,América,Caribe
1967,GBR,1,718,0.001392757660167131,Reino Unido,Europa,Europa
1967,MEX,3,718,0.004178272980501393,México,América,Norteamérica
1967,PAN,7,718,0.009749303621169917,Panamá,América,Centroamérica
1967,POL,1,718,0.001392757660167131,Polonia,Europa,Europa
1967,PRI,11,718,0.01532033426183844,Puerto Rico,América,Caribe
1967,USA,634,718,0.883008356545961,Estados Unidos,América,Norteamérica
1967,VEN,9,718,0.012534818941504178,Venezuela,América,Sudamérica
1967,VIR,2,718,0.002785515320334262,Islas Vírgenes (EE.UU.),América,Caribe
1968,ASM,1,676,0.0014792899408284023,Samoa Americana,Oceanía,Oceanía
1968,CAN,6,676,0.008875739644970414,Canadá,América,Norteamérica
1968,CUB,25,676,0.03698224852071006,Cuba,América,Caribe
1968,DOM,11,676,0.016272189349112426,República Dominicana,América,Caribe
1968,GBR,1,676,0.0014792899408284023,Reino Unido,Europa,Europa
1968,MEX,6,676,0.008875739644970414,México,América,Norteamérica
1968,PAN,7,676,0.010355029585798817,Panamá,América,Centroamérica
1968,POL,1,676,0.0014792899408284023,Polonia,Europa,Europa
1968,PRI,12,676,0.01775147928994083,Puerto Rico,América,Caribe
1968,USA,599,676,0.886094674556213,Estados Unidos,América,Norteamérica
1968,VEN,4,676,0.005917159763313609,Venezuela,América,Sudamérica
1968,VIR,3,676,0.004437869822485207,Islas Vírgenes (EE.UU.),América,Caribe
1969,CAN,8,849,0.009422850412249705,Canadá,América,Norteamérica
1969,CUB,27,849,0.03180212014134275,Cuba,América,Caribe
1969,DOM,18,849,0.02120141342756184,República Dominicana,América,Caribe
1969,GBR,2,849,0.002355712603062426,Reino Unido,Europa,Europa
1969,MEX,6,849,0.007067137809187279,México,América,Norteamérica
1969,PAN,7,849,0.008244994110718492,Panamá,América,Centroamérica
1969,POL,1,849,0.001177856301531213,Polonia,Europa,Europa
1969,PRI,19,849,0.02237926972909305,Puerto Rico,América,Caribe
1969,USA,750,849,0.8833922261484098,Estados Unidos,América,Norteamérica
1969,VEN,8,849,0.009422850412249705,Venezuela,América,Sudamérica
1969,VIR,3,849,0.0035335689045936395,Islas Vírgenes (EE.UU.),América,Caribe
1970,CAN,8,849,0.009422850412249705,Canadá,América,Norteamérica
1970,CUB,28,849,0.03297997644287397,Cuba,América,Caribe
1970,DOM,16,849,0.01884570082449941,República Dominicana,América,Caribe
1970,GBR,1,849,0.001177856301531213,Reino Unido,Europa,Europa
1970,MEX,6,849,0.007067137809187279,México,América,Norteamérica
1970,NLD,1,849,0.001177856301531213,Países Bajos,Europa,Europa
1970,PAN,8,849,0.009422850412249705,Panamá,América,Centroamérica
1970,POL,1,849,0.001177856301531213,Polonia,Europa,Europa
1970,PRI,21,849,0.024734982332155476,Puerto Rico,América,Caribe
1970,USA,745,849,0.8775029446407538,Estados Unidos,América,Norteamérica
1970,VEN,11,849,0.012956419316843345,Venezuela,América,Sudamérica
1970,VIR,3,849,0.0035335689045936395,Islas Vírgenes (EE.UU.),América,Caribe
1971,CAN,5,828,0.006038647342995169,Canadá,América,Norteamérica
1971,CUB,21,828,0.025362318840579712,Cuba,América,Caribe
1971,DOM,14,828,0.016908212560386472,República Dominicana,América,Caribe
1971,MEX,6,828,0.007246376811594203,México,América,Norteamérica
1971,NLD,1,828,0.0012077294685990338,Países Bajos,Europa,Europa
1971,PAN,8,828,0.00966183574879227,Panamá,América,Centroamérica
1971,POL,1,828,0.0012077294685990338,Polonia,Europa,Europa
1971,PRI,23,828,0.027777777777777776,Puerto Rico,América,Caribe
1971,USA,739,828,0.892512077294686,Estados Unidos,América,Norteamérica
1971,VEN,8,828,0.00966183574879227,Venezuela,América,Sudamérica
1971,VIR,2,828,0.0024154589371980675,Islas Vírgenes (EE.UU.),América,Caribe
1972,CAN,5,824,0.006067961165048544,Canadá,América,Norteamérica
1972,CUB,16,824,0.019417475728155338,Cuba,América,Caribe
1972,DEU,1,824,0.0012135922330097086,Alemania,Europa,Europa
1972,DOM,17,824,0.02063106796116505,República Dominicana,América,Caribe
1972,JPN,1,824,0.0012135922330097086,Japón,Asia,Asia Oriental
1972,MEX,10,824,0.012135922330097087,México,América,Norteamérica
1972,NLD,1,824,0.0012135922330097086,Países Bajos,Europa,Europa
1972,PAN,9,824,0.010922330097087379,Panamá,América,Centroamérica
1972,POL,1,824,0.0012135922330097086,Polonia,Europa,Europa
1972,PRI,23,824,0.027912621359223302,Puerto Rico,América,Caribe
1972,USA,731,824,0.8871359223300971,Estados Unidos,América,Norteamérica
1972,VEN,7,824,0.00849514563106796,Venezuela,América,Sudamérica
1972,VIR,2,824,0.0024271844660194173,Islas Vírgenes (EE.UU.),América,Caribe
1973,BHS,2,821,0.00243605359317905,Bahamas,América,Caribe
1973,CAN,6,821,0.007308160779537149,Canadá,América,Norteamérica
1973,CUB,15,821,0.018270401948842874,Cuba,América,Caribe
1973,DEU,1,821,0.001218026796589525,Alemania,Europa,Europa
1973,DOM,16,821,0.0194884287454324,República Dominicana,América,Caribe
1973,JPN,1,821,0.001218026796589525,Japón,Asia,Asia Oriental
1973,MEX,9,821,0.010962241169305725,México,América,Norteamérica
1973,NLD,1,821,0.001218026796589525,Países Bajos,Europa,Europa
1973,PAN,5,821,0.0060901339829476245,Panamá,América,Centroamérica
1973,PRI,27,821,0.03288672350791717,Puerto Rico,América,Caribe
1973,USA,727,821,0.8855054811205847,Estados Unidos,América,Norteamérica
1973,VEN,8,821,0.0097442143727162,Venezuela,América,Sudamérica
1973,VIR,3,821,0.0036540803897685747,Islas Vírgenes (EE.UU.),América,Caribe
1974,ASM,1,861,0.0011614401858304297,Samoa Americana,Oceanía,Oceanía
1974,BHS,1,861,0.0011614401858304297,Bahamas,América,Caribe
1974,CAN,5,861,0.005807200929152149,Canadá,América,Norteamérica
1974,COL,1,861,0.0011614401858304297,Colombia,América,Sudamérica
1974,CUB,14,861,0.016260162601626018,Cuba,América,Caribe
1974,DOM,20,861,0.023228803716608595,República Dominicana,América,Caribe
1974,MEX,10,861,0.011614401858304297,México,América,Norteamérica
1974,NLD,1,861,0.0011614401858304297,Países Bajos,Europa,Europa
1974,PAN,4,861,0.004645760743321719,Panamá,América,Centroamérica
1974,PRI,29,861,0.03368176538908246,Puerto Rico,América,Caribe
1974,USA,763,861,0.8861788617886179,Estados Unidos,América,Norteamérica
1974,VEN,9,861,0.010452961672473868,Venezuela,América,Sudamérica
1974,VIR,3,861,0.003484320557491289,Islas Vírgenes (EE.UU.),América,Caribe
1975,ASM,1,844,0.001184834123222749,Samoa Americana,Oceanía,Oceanía
1975,BHS,1,844,0.001184834123222749,Bahamas,América,Caribe
1975,CAN,7,844,0.008293838862559242,Canadá,América,Norteamérica
1975,COL,1,844,0.001184834123222749,Colombia,América,Sudamérica
1975,CUB,13,844,0.015402843601895734,Cuba,América,Caribe
1975,DEU,2,844,0.002369668246445498,Alemania,Europa,Europa
1975,DOM,19,844,0.022511848341232227,República Dominicana,América,Caribe
1975,MEX,8,844,0.009478672985781991,México,América,Norteamérica
1975,NLD,1,844,0.001184834123222749,Países Bajos,Europa,Europa
1975,PAN,4,844,0.004739336492890996,Panamá,América,Centroamérica
1975,PRI,24,844,0.02843601895734597,Puerto Rico,América,Caribe
1975,USA,755,844,0.8945497630331753,Estados Unidos,América,Norteamérica
1975,VEN,5,844,0.005924170616113744,Venezuela,América,Sudamérica
1975,VIR,3,844,0.0035545023696682463,Islas Vírgenes (EE.UU.),América,Caribe
1976,ASM,1,818,0.0012224938875305623,Samoa Americana,Oceanía,Oceanía
1976,BHS,1,818,0.0012224938875305623,Bahamas,América,Caribe
1976,CAN,8,818,0.009779951100244499,Canadá,América,Norteamérica
1976,COL,1,818,0.0012224938875305623,Colombia,América,Sudamérica
1976,CUB,12,818,0.014669926650366748,Cuba,América,Caribe
1976,DEU,2,818,0.0024449877750611247,Alemania,Europa,Europa
1976,DOM,20,818,0.02444987775061125,República Dominicana,América,Caribe
1976,MEX,11,818,0.013447432762836185,México,América,Norteamérica
1976,NIC,1,818,0.0012224938875305623,Nicaragua,América,Centroamérica
1976,NLD,1,818,0.0012224938875305623,Países Bajos,Europa,Europa
1976,PAN,4,818,0.004889975550122249,Panamá,América,Centroamérica
1976,PRI,26,818,0.03178484107579462,Puerto Rico,América,Caribe
1976,USA,720,818,0.8801955990220048,Estados Unidos,América,Norteamérica
1976,VEN,7,818,0.008557457212713936,Venezuela,América,Sudamérica
1976,VIR,3,818,0.003667481662591687,Islas Vírgenes (EE.UU.),América,Caribe
1977,ASM,1,900,0.0011111111111111111,Samoa Americana,Oceanía,Oceanía
1977,BHS,1,900,0.0011111111111111111,Bahamas,América,Caribe
1977,CAN,9,900,0.01,Canadá,América,Norteamérica
1977,COL,1,900,0.0011111111111111111,Colombia,América,Sudamérica
1977,CUB,8,900,0.008888888888888889,Cuba,América,Caribe
1977,DEU,2,900,0.0022222222222222222,Alemania,Europa,Europa
1977,DOM,24,900,0.02666666666666667,República Dominicana,América,Caribe
1977,MEX,11,900,0.012222222222222223,México,América,Norteamérica
1977,NIC,2,900,0.0022222222222222222,Nicaragua,América,Centroamérica
1977,NLD,1,900,0.0011111111111111111,Países Bajos,Europa,Europa
1977,PAN,4,900,0.0044444444444444444,Panamá,América,Centroamérica
1977,PRI,30,900,0.03333333333333333,Puerto Rico,América,Caribe
1977,USA,795,900,0.8833333333333333,Estados Unidos,América,Norteamérica
1977,VEN,8,900,0.008888888888888889,Venezuela,América,Sudamérica
1977,VIR,3,900,0.0033333333333333335,Islas Vírgenes (EE.UU.),América,Caribe
1978,ASM,1,904,0.0011061946902654867,Samoa Americana,Oceanía,Oceanía
1978,CAN,6,904,0.00663716814159292,Canadá,América,Norteamérica
1978,CUB,8,904,0.008849557522123894,Cuba,América,Caribe
1978,DEU,2,904,0.0022123893805309734,Alemania,Europa,Europa
1978,DOM,31,904,0.034292035398230086,República Dominicana,América,Caribe
1978,FRA,1,904,0.0011061946902654867,Francia,Europa,Europa
1978,MEX,13,904,0.014380530973451327,México,América,Norteamérica
1978,NIC,1,904,0.0011061946902654867,Nicaragua,América,Centroamérica
1978,NLD,1,904,0.0011061946902654867,Países Bajos,Europa,Europa
1978,PAN,5,904,0.0055309734513274336,Panamá,América,Centroamérica
1978,PRI,20,904,0.022123893805309734,Puerto Rico,América,Caribe
1978,USA,804,904,0.8893805309734514,Estados Unidos,América,Norteamérica
1978,VEN,8,904,0.008849557522123894,Venezuela,América,Sudamérica
1978,VIR,3,904,0.00331858407079646,Islas Vírgenes (EE.UU.),América,Caribe
1979,ASM,1,899,0.0011123470522803114,Samoa Americana,Oceanía,Oceanía
1979,CAN,7,899,0.00778642936596218,Canadá,América,Norteamérica
1979,COL,1,899,0.0011123470522803114,Colombia,América,Sudamérica
1979,CUB,4,899,0.004449388209121246,Cuba,América,Caribe
1979,DEU,1,899,0.0011123470522803114,Alemania,Europa,Europa
1979,DOM,30,899,0.03337041156840934,República Dominicana,América,Caribe
1979,FRA,1,899,0.0011123470522803114,Francia,Europa,Europa
1979,MEX,10,899,0.011123470522803115,México,América,Norteamérica
1979,NIC,1,899,0.0011123470522803114,Nicaragua,América,Centroamérica
1979,NLD,2,899,0.002224694104560623,Países Bajos,Europa,Europa
1979,PAN,5,899,0.0055617352614015575,Panamá,América,Centroamérica
1979,PRI,24,899,0.026696329254727477,Puerto Rico,América,Caribe
1979,USA,803,899,0.8932146829810901,Estados Unidos,América,Norteamérica
1979,VEN,7,899,0.00778642936596218,Venezuela,América,Sudamérica
1979,VIR,2,899,0.002224694104560623,Islas Vírgenes (EE.UU.),América,Caribe
1980,CAN,7,916,0.007641921397379912,Canadá,América,Norteamérica
1980,CUB,8,916,0.008733624454148471,Cuba,América,Caribe
1980,DEU,1,916,0.001091703056768559,Alemania,Europa,Europa
1980,DOM,30,916,0.03275109170305677,República Dominicana,América,Caribe
1980,FRA,2,916,0.002183406113537118,Francia,Europa,Europa
1980,MEX,12,916,0.013100436681222707,México,América,Norteamérica
1980,NIC,2,916,0.002183406113537118,Nicaragua,América,Centroamérica
1980,NLD,2,916,0.002183406113537118,Países Bajos,Europa,Europa
1980,PAN,5,916,0.0054585152838427945,Panamá,América,Centroamérica
1980,PRI,27,916,0.02947598253275109,Puerto Rico,América,Caribe
1980,USA,810,916,0.8842794759825328,Estados Unidos,América,Norteamérica
1980,VEN,9,916,0.009825327510917031,Venezuela,América,Sudamérica
1980,VIR,1,916,0.001091703056768559,Islas Vírgenes (EE.UU.),América,Caribe
1981,CAN,6,907,0.006615214994487321,Canadá,América,Norteamérica
1981,CUB,5,907,0.005512679162072767,Cuba,América,Caribe
1981,DEU,2,907,0.002205071664829107,Alemania,Europa,Europa
1981,DOM,27,907,0.029768467475192944,República Dominicana,América,Caribe
1981,FRA,1,907,0.0011025358324145535,Francia,Europa,Europa
1981,JAM,1,907,0.0011025358324145535,Jamaica,América,Caribe
1981,MEX,12,907,0.013230429988974642,México,América,Norteamérica
1981,NIC,3,907,0.0033076074972436605,Nicaragua,América,Centroamérica
1981,NLD,1,907,0.0011025358324145535,Países Bajos,Europa,Europa
1981,PAN,4,907,0.004410143329658214,Panamá,América,Centroamérica
1981,PRI,27,907,0.029768467475192944,Puerto Rico,América,Caribe
1981,USA,808,907,0.8908489525909592,Estados Unidos,América,Norteamérica
1981,VEN,9,907,0.009922822491730982,Venezuela,América,Sudamérica
1981,VIR,1,907,0.0011025358324145535,Islas Vírgenes (EE.UU.),América,Caribe
1982,CAN,5,932,0.00536480686695279,Canadá,América,Norteamérica
1982,CUB,3,932,0.003218884120171674,Cuba,América,Caribe
1982,DEU,3,932,0.003218884120171674,Alemania,Europa,Europa
1982,DOM,32,932,0.034334763948497854,República Dominicana,América,Caribe
1982,FRA,2,932,0.002145922746781116,Francia,Europa,Europa
1982,JAM,1,932,0.001072961373390558,Jamaica,América,Caribe
1982,MEX,13,932,0.013948497854077254,México,América,Norteamérica
1982,NIC,4,932,0.004291845493562232,Nicaragua,América,Centroamérica
1982,NLD,1,932,0.001072961373390558,Países Bajos,Europa,Europa
1982,PAN,3,932,0.003218884120171674,Panamá,América,Centroamérica
1982,PRI,29,932,0.03111587982832618,Puerto Rico,América,Caribe
1982,USA,825,932,0.8851931330472103,Estados Unidos,América,Norteamérica
1982,VEN,10,932,0.01072961373390558,Venezuela,América,Sudamérica
1982,VIR,1,932,0.001072961373390558,Islas Vírgenes (EE.UU.),América,Caribe
1983,BHS,1,953,0.001049317943336831,Bahamas,América,Caribe
1983,CAN,3,953,0.0031479538300104933,Canadá,América,Norteamérica
1983,COL,1,953,0.001049317943336831,Colombia,América,Sudamérica
1983,CUB,3,953,0.0031479538300104933,Cuba,América,Caribe
1983,DEU,3,953,0.0031479538300104933,Alemania,Europa,Europa
1983,DOM,34,953,0.035676810073452254,República Dominicana,América,Caribe
1983,ESP,1,953,0.001049317943336831,España,Europa,Europa
1983,FRA,3,953,0.0031479538300104933,Francia,Europa,Europa
1983,GBR,1,953,0.001049317943336831,Reino Unido,Europa,Europa
1983,JAM,1,953,0.001049317943336831,Jamaica,América,Caribe
1983,MEX,9,953,0.00944386149003148,México,América,Norteamérica
1983,NIC,4,953,0.004197271773347324,Nicaragua,América,Centroamérica
1983,NLD,1,953,0.001049317943336831,Países Bajos,Europa,Europa
1983,PAN,3,953,0.0031479538300104933,Panamá,América,Centroamérica
1983,PRI,30,953,0.03147953830010493,Puerto Rico,América,Caribe
1983,USA,843,953,0.8845750262329486,Estados Unidos,América,Norteamérica
1983,VEN,11,953,0.011542497376705142,Venezuela,América,Sudamérica
1983,VIR,1,953,0.001049317943336831,Islas Vírgenes (EE.UU.),América,Caribe
1984,CAN,2,935,0.0021390374331550803,Canadá,América,Norteamérica
1984,COL,1,935,0.0010695187165775401,Colombia,América,Sudamérica
1984,CUB,3,935,0.0032085561497326204,Cuba,América,Caribe
1984,DEU,3,935,0.0032085561497326204,Alemania,Europa,Europa
1984,DOM,35,935,0.0374331550802139,República Dominicana,América,Caribe
1984,FRA,3,935,0.0032085561497326204,Francia,Europa,Europa
1984,GBR,2,935,0.0021390374331550803,Reino Unido,Europa,Europa
1984,JAM,1,935,0.0010695187165775401,Jamaica,América,Caribe
1984,MEX,8,935,0.008556149732620321,México,América,Norteamérica
1984,NIC,4,935,0.0042780748663101605,Nicaragua,América,Centroamérica
1984,NLD,1,935,0.0010695187165775401,Países Bajos,Europa,Europa
1984,PAN,3,935,0.0032085561497326204,Panamá,América,Centroamérica
1984,PRI,28,935,0.029946524064171122,Puerto Rico,América,Caribe
1984,USA,828,935,0.8855614973262033,Estados Unidos,América,Norteamérica
1984,VEN,12,935,0.012834224598930482,Venezuela,América,Sudamérica
1984,VIR,1,935,0.0010695187165775401,Islas Vírgenes (EE.UU.),América,Caribe
1985,CAN,4,943,0.0042417815482502655,Canadá,América,Norteamérica
1985,COL,1,943,0.0010604453870625664,Colombia,América,Sudamérica
1985,CUB,3,943,0.003181336161187699,Cuba,América,Caribe
1985,DEU,4,943,0.0042417815482502655,Alemania,Europa,Europa
1985,DOM,37,943,0.03923647932131495,República Dominicana,América,Caribe
1985,ESP,1,943,0.0010604453870625664,España,Europa,Europa
1985,FRA,2,943,0.0021208907741251328,Francia,Europa,Europa
1985,GBR,2,943,0.0021208907741251328,Reino Unido,Europa,Europa
1985,JAM,2,943,0.0021208907741251328,Jamaica,América,Caribe
1985,MEX,6,943,0.006362672322375398,México,América,Norteamérica
1985,NIC,2,943,0.0021208907741251328,Nicaragua,América,Centroamérica
1985,NLD,1,943,0.0010604453870625664,Países Bajos,Europa,Europa
1985,PAN,3,943,0.003181336161187699,Panamá,América,Centroamérica
1985,PRI,28,943,0.029692470837751856,Puerto Rico,América,Caribe
1985,USA,833,943,0.8833510074231177,Estados Unidos,América,Norteamérica
1985,VEN,14,943,0.014846235418875928,Venezuela,América,Sudamérica
1986,AUS,1,953,0.001049317943336831,Australia,Oceanía,Oceanía
1986,CAN,2,953,0.002098635886673662,Canadá,América,Norteamérica
1986,COL,1,953,0.001049317943336831,Colombia,América,Sudamérica
1986,CUB,3,953,0.0031479538300104933,Cuba,América,Caribe
1986,DEU,2,953,0.002098635886673662,Alemania,Europa,Europa
1986,DOM,37,953,0.03882476390346275,República Dominicana,América,Caribe
1986,ESP,2,953,0.002098635886673662,España,Europa,Europa
1986,FRA,2,953,0.002098635886673662,Francia,Europa,Europa
1986,GBR,1,953,0.001049317943336831,Reino Unido,Europa,Europa
1986,JAM,2,953,0.002098635886673662,Jamaica,América,Caribe
1986,MEX,6,953,0.0062959076600209865,México,América,Norteamérica
1986,NIC,1,953,0.001049317943336831,Nicaragua,América,Centroamérica
1986,NLD,1,953,0.001049317943336831,Países Bajos,Europa,Europa
1986,PAN,3,953,0.0031479538300104933,Panamá,América,Centroamérica
1986,PRI,32,953,0.033578174186778595,Puerto Rico,América,Caribe
1986,USA,843,953,0.8845750262329486,Estados Unidos,América,Norteamérica
1986,VEN,13,953,0.013641133263378805,Venezuela,América,Sudamérica
1986,VIR,1,953,0.001049317943336831,Islas Vírgenes (EE.UU.),América,Caribe
1987,AUS,1,975,0.0010256410256410256,Australia,Oceanía,Oceanía
1987,CAN,4,975,0.0041025641025641026,Canadá,América,Norteamérica
1987,COL,1,975,0.0010256410256410256,Colombia,América,Sudamérica
1987,CUB,4,975,0.0041025641025641026,Cuba,América,Caribe
1987,DEU,2,975,0.0020512820512820513,Alemania,Europa,Europa
1987,DOM,41,975,0.04205128205128205,República Dominicana,América,Caribe
1987,FRA,3,975,0.003076923076923077,Francia,Europa,Europa
1987,GBR,2,975,0.0020512820512820513,Reino Unido,Europa,Europa
1987,HND,1,975,0.0010256410256410256,Honduras,América,Centroamérica
1987,JAM,2,975,0.0020512820512820513,Jamaica,América,Caribe
1987,MEX,7,975,0.0071794871794871795,México,América,Norteamérica
1987,NIC,2,975,0.0020512820512820513,Nicaragua,América,Centroamérica
1987,NLD,1,975,0.0010256410256410256,Países Bajos,Europa,Europa
1987,PAN,2,975,0.0020512820512820513,Panamá,América,Centroamérica
1987,PRI,33,975,0.033846153846153845,Puerto Rico,América,Caribe
1987,USA,852,975,0.8738461538461538,Estados Unidos,América,Norteamérica
1987,VEN,16,975,0.01641025641025641,Venezuela,América,Sudamérica
1987,VIR,1,975,0.0010256410256410256,Islas Vírgenes (EE.UU.),América,Caribe
1988,CAN,4,973,0.0041109969167523125,Canadá,América,Norteamérica
1988,COL,1,973,0.0010277492291880781,Colombia,América,Sudamérica
1988,CUB,7,973,0.007194244604316547,Cuba,América,Caribe
1988,DEU,3,973,0.003083247687564234,Alemania,Europa,Europa
1988,DOM,47,973,0.048304213771839674,República Dominicana,América,Caribe
1988,ESP,1,973,0.0010277492291880781,España,Europa,Europa
1988,FRA,2,973,0.0020554984583761563,Francia,Europa,Europa
1988,GBR,1,973,0.0010277492291880781,Reino Unido,Europa,Europa
1988,HND,1,973,0.0010277492291880781,Honduras,América,Centroamérica
1988,JAM,3,973,0.003083247687564234,Jamaica,América,Caribe
1988,MEX,9,973,0.009249743062692703,México,América,Norteamérica
1988,NIC,1,973,0.0010277492291880781,Nicaragua,América,Centroamérica
1988,NLD,1,973,0.0010277492291880781,Países Bajos,Europa,Europa
1988,PAN,2,973,0.0020554984583761563,Panamá,América,Centroamérica
1988,PRI,31,973,0.03186022610483042,Puerto Rico,América,Caribe
1988,USA,835,973,0.8581706063720452,Estados Unidos,América,Norteamérica
1988,VEN,23,973,0.023638232271325797,Venezuela,América,Sudamérica
1988,VIR,1,973,0.0010277492291880781,Islas Vírgenes (EE.UU.),América,Caribe
1989,AUS,1,988,0.0010121457489878543,Australia,Oceanía,Oceanía
1989,CAN,5,988,0.005060728744939271,Canadá,América,Norteamérica
1989,CUB,4,988,0.004048582995951417,Cuba,América,Caribe
1989,CUW,1,988,0.0010121457489878543,Curaçao,América,Caribe
1989,DEU,5,988,0.005060728744939271,Alemania,Europa,Europa
1989,DOM,48,988,0.048582995951417005,República Dominicana,América,Caribe
1989,ESP,1,988,0.0010121457489878543,España,Europa,Europa
1989,FRA,1,988,0.0010121457489878543,Francia,Europa,Europa
1989,HND,1,988,0.0010121457489878543,Honduras,América,Centroamérica
1989,JAM,3,988,0.003036437246963563,Jamaica,América,Caribe
1989,MEX,4,988,0.004048582995951417,México,América,Norteamérica
1989,NIC,1,988,0.0010121457489878543,Nicaragua,América,Centroamérica
1989,NLD,1,988,0.0010121457489878543,Países Bajos,Europa,Europa
1989,PAN,2,988,0.0020242914979757085,Panamá,América,Centroamérica
1989,PRI,29,988,0.029352226720647773,Puerto Rico,América,Caribe
1989,USA,860,988,0.8704453441295547,Estados Unidos,América,Norteamérica
1989,VEN,20,988,0.020242914979757085,Venezuela,América,Sudamérica
1989,VIR,1,988,0.0010121457489878543,Islas Vírgenes (EE.UU.),América,Caribe
1990,CAN,6,1030,0.005825242718446602,Canadá,América,Norteamérica
1990,CUB,6,1030,0.005825242718446602,Cuba,América,Caribe
1990,CUW,1,1030,0.000970873786407767,Curaçao,América,Caribe
1990,DEU,3,1030,0.002912621359223301,Alemania,Europa,Europa
1990,DOM,52,1030,0.05048543689320388,República Dominicana,América,Caribe
1990,FRA,1,1030,0.000970873786407767,Francia,Europa,Europa
1990,GBR,1,1030,0.000970873786407767,Reino Unido,Europa,Europa
1990,HND,1,1030,0.000970873786407767,Honduras,América,Centroamérica
1990,JAM,3,1030,0.002912621359223301,Jamaica,América,Caribe
1990,JPN,1,1030,0.000970873786407767,Japón,Asia,Asia Oriental
1990,MEX,7,1030,0.006796116504854369,México,América,Norteamérica
1990,NIC,1,1030,0.000970873786407767,Nicaragua,América,Centroamérica
1990,NLD,1,1030,0.000970873786407767,Países Bajos,Europa,Europa
1990,PAN,3,1030,0.002912621359223301,Panamá,América,Centroamérica
1990,PRI,34,1030,0.03300970873786408,Puerto Rico,América,Caribe
1990,USA,889,1030,0.8631067961165049,Estados Unidos,América,Norteamérica
1990,VEN,19,1030,0.018446601941747572,Venezuela,América,Sudamérica
1990,VIR,1,1030,0.000970873786407767,Islas Vírgenes (EE.UU.),América,Caribe
1991,AUS,1,1034,0.0009671179883945841,Australia,Oceanía,Oceanía
1991,BLZ,1,1034,0.0009671179883945841,Belice,América,Centroamérica
1991,CAN,10,1034,0.009671179883945842,Canadá,América,Norteamérica
1991,CUB,5,1034,0.004835589941972921,Cuba,América,Caribe
1991,CUW,1,1034,0.0009671179883945841,Curaçao,América,Caribe
1991,DEU,3,1034,0.0029013539651837525,Alemania,Europa,Europa
1991,DOM,55,1034,0.05319148936170213,República Dominicana,América,Caribe
1991,GBR,1,1034,0.0009671179883945841,Reino Unido,Europa,Europa
1991,HND,1,1034,0.0009671179883945841,Honduras,América,Centroamérica
1991,JAM,2,1034,0.0019342359767891683,Jamaica,América,Caribe
1991,JPN,1,1034,0.0009671179883945841,Japón,Asia,Asia Oriental
1991,MEX,12,1034,0.01160541586073501,México,América,Norteamérica
1991,NIC,1,1034,0.0009671179883945841,Nicaragua,América,Centroamérica
1991,PAN,3,1034,0.0029013539651837525,Panamá,América,Centroamérica
1991,PRI,40,1034,0.03868471953578337,Puerto Rico,América,Caribe
1991,USA,877,1034,0.8481624758220503,Estados Unidos,América,Norteamérica
1991,VEN,19,1034,0.0183752417794971,Venezuela,América,Sudamérica
1991,VIR,1,1034,0.0009671179883945841,Islas Vírgenes (EE.UU.),América,Caribe
1992,AUS,2,1007,0.0019860973187686196,Australia,Oceanía,Oceanía
1992,BLZ,1,1007,0.0009930486593843098,Belice,América,Centroamérica
1992,CAN,12,1007,0.011916583912611719,Canadá,América,Norteamérica
1992,CUB,7,1007,0.006951340615690168,Cuba,América,Caribe
1992,CUW,1,1007,0.0009930486593843098,Curaçao,América,Caribe
1992,DEU,2,1007,0.0019860973187686196,Alemania,Europa,Europa
1992,DOM,57,1007,0.05660377358490566,República Dominicana,América,Caribe
1992,GBR,1,1007,0.0009930486593843098,Reino Unido,Europa,Europa
1992,HND,1,1007,0.0009930486593843098,Honduras,América,Centroamérica
1992,JAM,2,1007,0.0019860973187686196,Jamaica,América,Caribe
1992,MEX,5,1007,0.004965243296921549,México,América,Norteamérica
1992,NIC,1,1007,0.0009930486593843098,Nicaragua,América,Centroamérica
1992,NLD,1,1007,0.0009930486593843098,Países Bajos,Europa,Europa
1992,PAN,3,1007,0.0029791459781529296,Panamá,América,Centroamérica
1992,PRI,42,1007,0.041708043694141016,Puerto Rico,América,Caribe
1992,RUS,1,1007,0.0009930486593843098,Rusia,Europa,Europa
1992,USA,855,1007,0.8490566037735849,Estados Unidos,América,Norteamérica
1992,VEN,12,1007,0.011916583912611719,Venezuela,América,Sudamérica
1992,VIR,1,1007,0.0009930486593843098,Islas Vírgenes (EE.UU.),América,Caribe
1993,AFG,1,1104,0.0009057971014492754,Afganistán,Asia,Medio Oriente
1993,AUS,5,1104,0.004528985507246377,Australia,Oceanía,Oceanía
1993,BLZ,1,1104,0.0009057971014492754,Belice,América,Centroamérica
1993,CAN,15,1104,0.01358695652173913,Canadá,América,Norteamérica
1993,CUB,9,1104,0.008152173913043478,Cuba,América,Caribe
1993,CUW,1,1104,0.0009057971014492754,Curaçao,América,Caribe
1993,DEU,2,1104,0.0018115942028985507,Alemania,Europa,Europa
1993,DOM,60,1104,0.05434782608695652,República Dominicana,América,Caribe
1993,GBR,2,1104,0.0018115942028985507,Reino Unido,Europa,Europa
1993,HND,1,1104,0.0009057971014492754,Honduras,América,Centroamérica
1993,JAM,2,1104,0.0018115942028985507,Jamaica,América,Caribe
1993,MEX,8,1104,0.007246376811594203,México,América,Norteamérica
1993,NIC,1,1104,0.0009057971014492754,Nicaragua,América,Centroamérica
1993,NLD,1,1104,0.0009057971014492754,Países Bajos,Europa,Europa
1993,PAN,4,1104,0.0036231884057971015,Panamá,América,Centroamérica
1993,PRI,46,1104,0.041666666666666664,Puerto Rico,América,Caribe
1993,USA,925,1104,0.8378623188405797,Estados Unidos,América,Norteamérica
1993,VEN,18,1104,0.016304347826086956,Venezuela,América,Sudamérica
1993,VIR,2,1104,0.0018115942028985507,Islas Vírgenes (EE.UU.),América,Caribe
1994,AFG,1,991,0.0010090817356205853,Afganistán,Asia,Medio Oriente
1994,AUS,4,991,0.004036326942482341,Australia,Oceanía,Oceanía
1994,CAN,11,991,0.011099899091826439,Canadá,América,Norteamérica
1994,CUB,7,991,0.007063572149344097,Cuba,América,Caribe
1994,DEU,2,991,0.0020181634712411706,Alemania,Europa,Europa
1994,DOM,61,991,0.0615539858728557,República Dominicana,América,Caribe
1994,GBR,2,991,0.0020181634712411706,Reino Unido,Europa,Europa
1994,HND,1,991,0.0010090817356205853,Honduras,América,Centroamérica
1994,JAM,2,991,0.0020181634712411706,Jamaica,América,Caribe
1994,JPN,1,991,0.0010090817356205853,Japón,Asia,Asia Oriental
1994,KOR,1,991,0.0010090817356205853,Corea del Sur,Asia,Asia Oriental
1994,MEX,9,991,0.009081735620585268,México,América,Norteamérica
1994,NIC,1,991,0.0010090817356205853,Nicaragua,América,Centroamérica
1994,NLD,2,991,0.0020181634712411706,Países Bajos,Europa,Europa
1994,PAN,3,991,0.0030272452068617556,Panamá,América,Centroamérica
1994,PRI,39,991,0.039354187689202826,Puerto Rico,América,Caribe
1994,USA,827,991,0.834510595358224,Estados Unidos,América,Norteamérica
1994,VEN,15,991,0.015136226034308779,Venezuela,América,Sudamérica
1994,VIR,2,991,0.0020181634712411706,Islas Vírgenes (EE.UU.),América,Caribe
1995,AFG,1,1133,0.00088261253309797,Afganistán,Asia,Medio Oriente
1995,AUS,3,1133,0.00264783759929391,Australia,Oceanía,Oceanía
1995,CAN,9,1133,0.00794351279788173,Canadá,América,Norteamérica
1995,CUB,6,1133,0.00529567519858782,Cuba,América,Caribe
1995,DEU,2,1133,0.00176522506619594,Alemania,Europa,Europa
1995,DOM,79,1133,0.06972639011473963,República Dominicana,América,Caribe
1995,GBR,2,1133,0.00176522506619594,Reino Unido,Europa,Europa
1995,JAM,2,1133,0.00176522506619594,Jamaica,América,Caribe
1995,JPN,2,1133,0.00176522506619594,Japón,Asia,Asia Oriental
1995,KOR,1,1133,0.00088261253309797,Corea del Sur,Asia,Asia Oriental
1995,MEX,17,1133,0.01500441306266549,México,América,Norteamérica
1995,NIC,2,1133,0.00176522506619594,Nicaragua,América,Centroamérica
1995,NLD,2,1133,0.00176522506619594,Países Bajos,Europa,Europa
1995,PAN,6,1133,0.00529567519858782,Panamá,América,Centroamérica
1995,PRI,39,1133,0.03442188879082083,Puerto Rico,América,Caribe
1995,USA,933,1133,0.823477493380406,Estados Unidos,América,Norteamérica
1995,VEN,25,1133,0.02206531332744925,Venezuela,América,Sudamérica
1995,VIR,2,1133,0.00176522506619594,Islas Vírgenes (EE.UU.),América,Caribe
1996,ABW,2,1141,0.0017528483786152498,Aruba,América,Caribe
1996,AUS,4,1141,0.0035056967572304996,Australia,Oceanía,Oceanía
1996,BEL,1,1141,0.0008764241893076249,Bélgica,Europa,Europa
1996,CAN,11,1141,0.009640666082383873,Canadá,América,Norteamérica
1996,COL,1,1141,0.0008764241893076249,Colombia,América,Sudamérica
1996,CUB,8,1141,0.007011393514460999,Cuba,América,Caribe
1996,CUW,2,1141,0.0017528483786152498,Curaçao,América,Caribe
1996,DEU,2,1141,0.0017528483786152498,Alemania,Europa,Europa
1996,DOM,78,1141,0.06836108676599474,República Dominicana,América,Caribe
1996,GBR,1,1141,0.0008764241893076249,Reino Unido,Europa,Europa
1996,JAM,2,1141,0.0017528483786152498,Jamaica,América,Caribe
1996,JPN,3,1141,0.0026292725679228747,Japón,Asia,Asia Oriental
1996,KOR,1,1141,0.0008764241893076249,Corea del Sur,Asia,Asia Oriental
1996,MEX,14,1141,0.012269938650306749,México,América,Norteamérica
1996,NIC,2,1141,0.0017528483786152498,Nicaragua,América,Centroamérica
1996,NLD,2,1141,0.0017528483786152498,Países Bajos,Europa,Europa
1996,PAN,8,1141,0.007011393514460999,Panamá,América,Centroamérica
1996,PHL,1,1141,0.0008764241893076249,Filipinas,Asia,Sudeste Asiático
1996,PRI,41,1141,0.03593339176161262,Puerto Rico,América,Caribe
1996,SGP,1,1141,0.0008764241893076249,Singapur,Asia,Sudeste Asiático
1996,USA,924,1141,0.8098159509202454,Estados Unidos,América,Norteamérica
1996,VEN,30,1141,0.026292725679228746,Venezuela,América,Sudamérica
1996,VIR,1,1141,0.0008764241893076249,Islas Vírgenes (EE.UU.),América,Caribe
1996,VNM,1,1141,0.0008764241893076249,Vietnam,Asia,Sudeste Asiático
1997,ABW,1,1123,0.0008904719501335708,Aruba,América,Caribe
1997,AUS,5,1123,0.004452359750667854,Australia,Oceanía,Oceanía
1997,BEL,1,1123,0.0008904719501335708,Bélgica,Europa,Europa
1997,CAN,12,1123,0.01068566340160285,Canadá,América,Norteamérica
1997,COL,2,1123,0.0017809439002671415,Colombia,América,Sudamérica
1997,CUB,10,1123,0.008904719501335707,Cuba,América,Caribe
1997,CUW,4,1123,0.003561887800534283,Curaçao,América,Caribe
1997,DEU,1,1123,0.0008904719501335708,Alemania,Europa,Europa
1997,DOM,90,1123,0.08014247551202137,República Dominicana,América,Caribe
1997,ESP,1,1123,0.0008904719501335708,España,Europa,Europa
1997,GBR,1,1123,0.0008904719501335708,Reino Unido,Europa,Europa
1997,JAM,2,1123,0.0017809439002671415,Jamaica,América,Caribe
1997,JPN,5,1123,0.004452359750667854,Japón,Asia,Asia Oriental
1997,KOR,1,1123,0.0008904719501335708,Corea del Sur,Asia,Asia Oriental
1997,MEX,17,1123,0.015138023152270703,México,América,Norteamérica
1997,NIC,2,1123,0.0017809439002671415,Nicaragua,América,Centroamérica
1997,NLD,1,1123,0.0008904719501335708,Países Bajos,Europa,Europa
1997,PAN,9,1123,0.008014247551202136,Panamá,América,Centroamérica
1997,PRI,41,1123,0.0365093499554764,Puerto Rico,América,Caribe
1997,SGP,1,1123,0.0008904719501335708,Singapur,Asia,Sudeste Asiático
1997,USA,875,1123,0.7791629563668745,Estados Unidos,América,Norteamérica
1997,VEN,39,1123,0.034728406055209264,Venezuela,América,Sudamérica
1997,VIR,1,1123,0.0008904719501335708,Islas Vírgenes (EE.UU.),América,Caribe
1997,VNM,1,1123,0.0008904719501335708,Vietnam,Asia,Sudeste Asiático
1998,ABW,3,1186,0.002529510961214165,Aruba,América,Caribe
1998,AUS,5,1186,0.0042158516020236085,Australia,Oceanía,Oceanía
1998,BEL,1,1186,0.0008431703204047217,Bélgica,Europa,Europa
1998,CAN,15,1186,0.012647554806070826,Canadá,América,Norteamérica
1998,COL,3,1186,0.002529510961214165,Colombia,América,Sudamérica
1998,CUB,11,1186,0.00927487352445194,Cuba,América,Caribe
1998,CUW,4,1186,0.003372681281618887,Curaçao,América,Caribe
1998,DEU,1,1186,0.0008431703204047217,Alemania,Europa,Europa
1998,DOM,90,1186,0.07588532883642496,República Dominicana,América,Caribe
1998,ESP,1,1186,0.0008431703204047217,España,Europa,Europa
1998,GBR,1,1186,0.0008431703204047217,Reino Unido,Europa,Europa
1998,JAM,2,1186,0.0016863406408094434,Jamaica,América,Caribe
1998,JPN,6,1186,0.00505902192242833,Japón,Asia,Asia Oriental
1998,KOR,2,1186,0.0016863406408094434,Corea del Sur,Asia,Asia Oriental
1998,MEX,16,1186,0.013490725126475547,México,América,Norteamérica
1998,NIC,2,1186,0.0016863406408094434,Nicaragua,América,Centroamérica
1998,PAN,9,1186,0.007588532883642495,Panamá,América,Centroamérica
1998,PHL,1,1186,0.0008431703204047217,Filipinas,Asia,Sudeste Asiático
1998,PRI,47,1186,0.03962900505902192,Puerto Rico,América,Caribe
1998,USA,929,1186,0.7833052276559865,Estados Unidos,América,Norteamérica
1998,VEN,34,1186,0.02866779089376054,Venezuela,América,Sudamérica
1998,VIR,2,1186,0.0016863406408094434,Islas Vírgenes (EE.UU.),América,Caribe
1998,VNM,1,1186,0.0008431703204047217,Vietnam,Asia,Sudeste Asiático
1999,ABW,2,1209,0.0016542597187758478,Aruba,América,Caribe
1999,AUS,5,1209,0.0041356492969396195,Australia,Oceanía,Oceanía
1999,CAN,18,1209,0.01488833746898263,Canadá,América,Norteamérica
1999,COL,4,1209,0.0033085194375516956,Colombia,América,Sudamérica
1999,CUB,12,1209,0.009925558312655087,Cuba,América,Caribe
1999,CUW,2,1209,0.0016542597187758478,Curaçao,América,Caribe
1999,DEU,1,1209,0.0008271298593879239,Alemania,Europa,Europa
1999,DOM,105,1209,0.08684863523573201,República Dominicana,América,Caribe
1999,GBR,1,1209,0.0008271298593879239,Reino Unido,Europa,Europa
1999,JAM,2,1209,0.0016542597187758478,Jamaica,América,Caribe
1999,JPN,9,1209,0.007444168734491315,Japón,Asia,Asia Oriental
1999,KOR,3,1209,0.0024813895781637717,Corea del Sur,Asia,Asia Oriental
1999,MEX,18,1209,0.01488833746898263,México,América,Norteamérica
1999,NIC,2,1209,0.0016542597187758478,Nicaragua,América,Centroamérica
1999,PAN,11,1209,0.009098428453267164,Panamá,América,Centroamérica
1999,PHL,1,1209,0.0008271298593879239,Filipinas,Asia,Sudeste Asiático
1999,PRI,42,1209,0.034739454094292806,Puerto Rico,América,Caribe
1999,SGP,1,1209,0.0008271298593879239,Singapur,Asia,Sudeste Asiático
1999,USA,931,1209,0.7700578990901572,Estados Unidos,América,Norteamérica
1999,VEN,36,1209,0.02977667493796526,Venezuela,América,Sudamérica
1999,VIR,2,1209,0.0016542597187758478,Islas Vírgenes (EE.UU.),América,Caribe
1999,VNM,1,1209,0.0008271298593879239,Vietnam,Asia,Sudeste Asiático
2000,ABW,3,1230,0.0024390243902439024,Aruba,América,Caribe
2000,AUS,4,1230,0.0032520325203252032,Australia,Oceanía,Oceanía
2000,BEL,1,1230,0.0008130081300813008,Bélgica,Europa,Europa
2000,CAN,17,1230,0.013821138211382113,Canadá,América,Norteamérica
2000,COL,3,1230,0.0024390243902439024,Colombia,América,Sudamérica
2000,CUB,12,1230,0.00975609756097561,Cuba,América,Caribe
2000,CUW,2,1230,0.0016260162601626016,Curaçao,América,Caribe
2000,DEU,1,1230,0.0008130081300813008,Alemania,Europa,Europa
2000,DOM,104,1230,0.08455284552845528,República Dominicana,América,Caribe
2000,GBR,1,1230,0.0008130081300813008,Reino Unido,Europa,Europa
2000,JAM,1,1230,0.0008130081300813008,Jamaica,América,Caribe
2000,JPN,11,1230,0.00894308943089431,Japón,Asia,Asia Oriental
2000,KOR,3,1230,0.0024390243902439024,Corea del Sur,Asia,Asia Oriental
2000,MEX,23,1230,0.01869918699186992,México,América,Norteamérica
2000,NIC,3,1230,0.0024390243902439024,Nicaragua,América,Centroamérica
2000,PAN,11,1230,0.00894308943089431,Panamá,América,Centroamérica
2000,PHL,1,1230,0.0008130081300813008,Filipinas,Asia,Sudeste Asiático
2000,PRI,47,1230,0.038211382113821135,Puerto Rico,América,Caribe
2000,USA,936,1230,0.7609756097560976,Estados Unidos,América,Norteamérica
2000,VEN,44,1230,0.03577235772357724,Venezuela,América,Sudamérica
2000,VIR,1,1230,0.0008130081300813008,Islas Vírgenes (EE.UU.),América,Caribe
2000,VNM,1,1230,0.0008130081300813008,Vietnam,Asia,Sudeste Asiático
2001,ABW,3,1220,0.002459016393442623,Aruba,América,Caribe
2001,AUS,6,1220,0.004918032786885246,Australia,Oceanía,Oceanía
2001,CAN,13,1220,0.010655737704918032,Canadá,América,Norteamérica
2001,COL,3,1220,0.002459016393442623,Colombia,América,Sudamérica
2001,CUB,16,1220,0.013114754098360656,Cuba,América,Caribe
2001,CUW,2,1220,0.001639344262295082,Curaçao,América,Caribe
2001,DEU,1,1220,0.000819672131147541,Alemania,Europa,Europa
2001,DOM,111,1220,0.09098360655737706,República Dominicana,América,Caribe
2001,GBR,1,1220,0.000819672131147541,Reino Unido,Europa,Europa
2001,JAM,1,1220,0.000819672131147541,Jamaica,América,Caribe
2001,JPN,11,1220,0.009016393442622951,Japón,Asia,Asia Oriental
2001,KOR,3,1220,0.002459016393442623,Corea del Sur,Asia,Asia Oriental
2001,MEX,17,1220,0.013934426229508197,México,América,Norteamérica
2001,NIC,2,1220,0.001639344262295082,Nicaragua,América,Centroamérica
2001,PAN,10,1220,0.00819672131147541,Panamá,América,Centroamérica
2001,PHL,1,1220,0.000819672131147541,Filipinas,Asia,Sudeste Asiático
2001,PRI,53,1220,0.04344262295081967,Puerto Rico,América,Caribe
2001,SGP,1,1220,0.000819672131147541,Singapur,Asia,Sudeste Asiático
2001,USA,912,1220,0.7475409836065574,Estados Unidos,América,Norteamérica
2001,VEN,50,1220,0.040983606557377046,Venezuela,América,Sudamérica
2001,VIR,2,1220,0.001639344262295082,Islas Vírgenes (EE.UU.),América,Caribe
2001,VNM,1,1220,0.000819672131147541,Vietnam,Asia,Sudeste Asiático
2002,ABW,3,1218,0.0024630541871921183,Aruba,América,Caribe
2002,AUS,5,1218,0.004105090311986864,Australia,Oceanía,Oceanía
2002,BEL,1,1218,0.0008210180623973727,Bélgica,Europa,Europa
2002,CAN,13,1218,0.010673234811165846,Canadá,América,Norteamérica
2002,COL,3,1218,0.0024630541871921183,Colombia,América,Sudamérica
2002,CUB,14,1218,0.011494252873563218,Cuba,América,Caribe
2002,CUW,2,1218,0.0016420361247947454,Curaçao,América,Caribe
2002,DEU,1,1218,0.0008210180623973727,Alemania,Europa,Europa
2002,DOM,115,1218,0.09441707717569786,República Dominicana,América,Caribe
2002,JPN,14,1218,0.011494252873563218,Japón,Asia,Asia Oriental
2002,KOR,6,1218,0.0049261083743842365,Corea del Sur,Asia,Asia Oriental
2002,MEX,21,1218,0.017241379310344827,México,América,Norteamérica
2002,NIC,3,1218,0.0024630541871921183,Nicaragua,América,Centroamérica
2002,PAN,8,1218,0.006568144499178982,Panamá,América,Centroamérica
2002,PRI,51,1218,0.04187192118226601,Puerto Rico,América,Caribe
2002,TWN,1,1218,0.0008210180623973727,Taiwán,Asia,Asia Oriental
2002,USA,902,1218,0.7405582922824302,Estados Unidos,América,Norteamérica
2002,VEN,54,1218,0.04433497536945813,Venezuela,América,Sudamérica
2002,VNM,1,1218,0.0008210180623973727,Vietnam,Asia,Sudeste Asiático
2003,ABW,2,1230,0.0016260162601626016,Aruba,América,Caribe
2003,AUS,5,1230,0.0040650406504065045,Australia,Oceanía,Oceanía
2003,CAN,15,1230,0.012195121951219513,Canadá,América,Norteamérica
2003,COL,3,1230,0.0024390243902439024,Colombia,América,Sudamérica
2003,CUB,11,1230,0.00894308943089431,Cuba,América,Caribe
2003,CUW,2,1230,0.0016260162601626016,Curaçao,América,Caribe
2003,DEU,1,1230,0.0008130081300813008,Alemania,Europa,Europa
2003,DOM,115,1230,0.09349593495934959,República Dominicana,América,Caribe
2003,GBR,1,1230,0.0008130081300813008,Reino Unido,Europa,Europa
2003,JPN,13,1230,0.01056910569105691,Japón,Asia,Asia Oriental
2003,KOR,7,1230,0.005691056910569106,Corea del Sur,Asia,Asia Oriental
2003,MEX,24,1230,0.01951219512195122,México,América,Norteamérica
2003,NIC,2,1230,0.0016260162601626016,Nicaragua,América,Centroamérica
2003,PAN,9,1230,0.007317073170731708,Panamá,América,Centroamérica
2003,PRI,47,1230,0.038211382113821135,Puerto Rico,América,Caribe
2003,TWN,2,1230,0.0016260162601626016,Taiwán,Asia,Asia Oriental
2003,USA,908,1230,0.7382113821138211,Estados Unidos,América,Norteamérica
2003,VEN,62,1230,0.05040650406504065,Venezuela,América,Sudamérica
2003,VNM,1,1230,0.0008130081300813008,Vietnam,Asia,Sudeste Asiático
2004,ABW,1,1247,0.0008019246190858059,Aruba,América,Caribe
2004,AUS,5,1247,0.00400962309542903,Australia,Oceanía,Oceanía
2004,CAN,18,1247,0.014434643143544507,Canadá,América,Norteamérica
2004,COL,3,1247,0.0024057738572574178,Colombia,América,Sudamérica
2004,CUB,12,1247,0.009623095429029671,Cuba,América,Caribe
2004,CUW,2,1247,0.0016038492381716118,Curaçao,América,Caribe
2004,DEU,1,1247,0.0008019246190858059,Alemania,Europa,Europa
2004,DOM,128,1247,0.10264635124298316,República Dominicana,América,Caribe
2004,JPN,15,1247,0.012028869286287089,Japón,Asia,Asia Oriental
2004,KOR,8,1247,0.006415396952686447,Corea del Sur,Asia,Asia Oriental
2004,MEX,21,1247,0.016840417000801924,México,América,Norteamérica
2004,NIC,1,1247,0.0008019246190858059,Nicaragua,América,Centroamérica
2004,PAN,7,1247,0.0056134723336006415,Panamá,América,Centroamérica
2004,PRI,48,1247,0.038492381716118684,Puerto Rico,América,Caribe
2004,TWN,2,1247,0.0016038492381716118,Taiwán,Asia,Asia Oriental
2004,USA,906,1247,0.7265437048917401,Estados Unidos,América,Norteamérica
2004,VEN,66,1247,0.05292702485966319,Venezuela,América,Sudamérica
2004,VIR,2,1247,0.0016038492381716118,Islas Vírgenes (EE.UU.),América,Caribe
2004,VNM,1,1247,0.0008019246190858059,Vietnam,Asia,Sudeste Asiático
2005,ABW,1,1237,0.0008084074373484236,Aruba,América,Caribe
2005,AUS,4,1237,0.0032336297493936943,Australia,Oceanía,Oceanía
2005,CAN,17,1237,0.0137429264349232,Canadá,América,Norteamérica
2005,COL,3,1237,0.002425222312045271,Colombia,América,Sudamérica
2005,CUB,10,1237,0.008084074373484237,Cuba,América,Caribe
2005,CUW,1,1237,0.0008084074373484236,Curaçao,América,Caribe
2005,DEU,3,1237,0.002425222312045271,Alemania,Europa,Europa
2005,DOM,134,1237,0.10832659660468877,República Dominicana,América,Caribe
2005,JPN,16,1237,0.012934518997574777,Japón,Asia,Asia Oriental
2005,KOR,8,1237,0.0064672594987873885,Corea del Sur,Asia,Asia Oriental
2005,MEX,22,1237,0.01778496362166532,México,América,Norteamérica
2005,NIC,1,1237,0.0008084074373484236,Nicaragua,América,Centroamérica
2005,PAN,9,1237,0.007275666936135812,Panamá,América,Centroamérica
2005,PRI,45,1237,0.03637833468067906,Puerto Rico,América,Caribe
2005,TWN,4,1237,0.0032336297493936943,Taiwán,Asia,Asia Oriental
2005,USA,891,1237,0.7202910266774454,Estados Unidos,América,Norteamérica
2005,VEN,65,1237,0.05254648342764753,Venezuela,América,Sudamérica
2005,VIR,2,1237,0.0016168148746968471,Islas Vírgenes (EE.UU.),América,Caribe
2005,VNM,1,1237,0.0008084074373484236,Vietnam,Asia,Sudeste Asiático
2006,ABW,1,1242,0.0008051529790660225,Aruba,América,Caribe
2006,AUS,2,1242,0.001610305958132045,Australia,Oceanía,Oceanía
2006,CAN,20,1242,0.01610305958132045,Canadá,América,Norteamérica
2006,COL,3,1242,0.0024154589371980675,Colombia,América,Sudamérica
2006,CUB,9,1242,0.007246376811594203,Cuba,América,Caribe
2006,CUW,3,1242,0.0024154589371980675,Curaçao,América,Caribe
2006,DEU,3,1242,0.0024154589371980675,Alemania,Europa,Europa
2006,DOM,146,1242,0.11755233494363929,República Dominicana,América,Caribe
2006,GBR,1,1242,0.0008051529790660225,Reino Unido,Europa,Europa
2006,GUM,1,1242,0.0008051529790660225,Guam,Oceanía,Oceanía
2006,IDN,1,1242,0.0008051529790660225,Indonesia,Asia,Sudeste Asiático
2006,JPN,10,1242,0.008051529790660225,Japón,Asia,Asia Oriental
2006,KOR,7,1242,0.005636070853462158,Corea del Sur,Asia,Asia Oriental
2006,MEX,17,1242,0.013687600644122383,México,América,Norteamérica
2006,NIC,2,1242,0.001610305958132045,Nicaragua,América,Centroamérica
2006,PAN,8,1242,0.00644122383252818,Panamá,América,Centroamérica
2006,PRI,42,1242,0.033816425120772944,Puerto Rico,América,Caribe
2006,TWN,2,1242,0.001610305958132045,Taiwán,Asia,Asia Oriental
2006,USA,892,1242,0.7181964573268921,Estados Unidos,América,Norteamérica
2006,VEN,71,1242,0.0571658615136876,Venezuela,América,Sudamérica
2006,VNM,1,1242,0.0008051529790660225,Vietnam,Asia,Sudeste Asiático
2007,ABW,1,1278,0.000782472613458529,Aruba,América,Caribe
2007,AUS,6,1278,0.004694835680751174,Australia,Oceanía,Oceanía
2007,CAN,20,1278,0.01564945226917058,Canadá,América,Norteamérica
2007,COL,2,1278,0.001564945226917058,Colombia,América,Sudamérica
2007,CUB,8,1278,0.006259780907668232,Cuba,América,Caribe
2007,CUW,3,1278,0.002347417840375587,Curaçao,América,Caribe
2007,DEU,3,1278,0.002347417840375587,Alemania,Europa,Europa
2007,DOM,135,1278,0.1056338028169014,República Dominicana,América,Caribe
2007,IDN,1,1278,0.000782472613458529,Indonesia,Asia,Sudeste Asiático
2007,JPN,16,1278,0.012519561815336464,Japón,Asia,Asia Oriental
2007,KOR,6,1278,0.004694835680751174,Corea del Sur,Asia,Asia Oriental
2007,MEX,18,1278,0.014084507042253521,México,América,Norteamérica
2007,NIC,2,1278,0.001564945226917058,Nicaragua,América,Centroamérica
2007,NLD,1,1278,0.000782472613458529,Países Bajos,Europa,Europa
2007,PAN,7,1278,0.005477308294209703,Panamá,América,Centroamérica
2007,PRI,41,1278,0.032081377151799685,Puerto Rico,América,Caribe
2007,SAU,1,1278,0.000782472613458529,Arabia Saudita,Asia,Medio Oriente
2007,TWN,4,1278,0.003129890453834116,Taiwán,Asia,Asia Oriental
2007,USA,930,1278,0.7276995305164319,Estados Unidos,América,Norteamérica
2007,VEN,73,1278,0.05712050078247261,Venezuela,América,Sudamérica
2008,ABW,1,1291,0.000774593338497289,Aruba,América,Caribe
2008,AUS,6,1291,0.004647560030983733,Australia,Oceanía,Oceanía
2008,CAN,17,1291,0.013168086754453912,Canadá,América,Norteamérica
2008,COL,3,1291,0.0023237800154918666,Colombia,América,Sudamérica
2008,CUB,13,1291,0.010069713400464756,Cuba,América,Caribe
2008,CUW,5,1291,0.0038729666924864447,Curaçao,América,Caribe
2008,DEU,3,1291,0.0023237800154918666,Alemania,Europa,Europa
2008,DOM,126,1291,0.09759876065065841,República Dominicana,América,Caribe
2008,GBR,1,1291,0.000774593338497289,Reino Unido,Europa,Europa
2008,IDN,1,1291,0.000774593338497289,Indonesia,Asia,Sudeste Asiático
2008,JAM,1,1291,0.000774593338497289,Jamaica,América,Caribe
2008,JPN,19,1291,0.01471727343144849,Japón,Asia,Asia Oriental
2008,KOR,4,1291,0.003098373353989156,Corea del Sur,Asia,Asia Oriental
2008,MEX,21,1291,0.016266460108443067,México,América,Norteamérica
2008,NIC,2,1291,0.001549186676994578,Nicaragua,América,Centroamérica
2008,NLD,1,1291,0.000774593338497289,Países Bajos,Europa,Europa
2008,PAN,5,1291,0.0038729666924864447,Panamá,América,Centroamérica
2008,PRI,37,1291,0.02865995352439969,Puerto Rico,América,Caribe
2008,SAU,1,1291,0.000774593338497289,Arabia Saudita,Asia,Medio Oriente
2008,TWN,3,1291,0.0023237800154918666,Taiwán,Asia,Asia Oriental
2008,USA,937,1291,0.7257939581719597,Estados Unidos,América,Norteamérica
2008,VEN,83,1291,0.06429124709527498,Venezuela,América,Sudamérica
2008,VIR,1,1291,0.000774593338497289,Islas Vírgenes (EE.UU.),América,Caribe
2009,ABW,1,1266,0.0007898894154818325,Aruba,América,Caribe
2009,AUS,6,1266,0.004739336492890996,Australia,Oceanía,Oceanía
2009,CAN,19,1266,0.015007898894154818,Canadá,América,Norteamérica
2009,COL,3,1266,0.002369668246445498,Colombia,América,Sudamérica
2009,CUB,13,1266,0.010268562401263823,Cuba,América,Caribe
2009,CUW,5,1266,0.0039494470774091624,Curaçao,América,Caribe
2009,DEU,4,1266,0.00315955766192733,Alemania,Europa,Europa
2009,DOM,128,1266,0.10110584518167456,República Dominicana,América,Caribe
2009,JAM,1,1266,0.0007898894154818325,Jamaica,América,Caribe
2009,JPN,18,1266,0.014218009478672985,Japón,Asia,Asia Oriental
2009,KOR,2,1266,0.001579778830963665,Corea del Sur,Asia,Asia Oriental
2009,MEX,20,1266,0.01579778830963665,México,América,Norteamérica
2009,NIC,3,1266,0.002369668246445498,Nicaragua,América,Centroamérica
2009,NLD,1,1266,0.0007898894154818325,Países Bajos,Europa,Europa
2009,PAN,7,1266,0.005529225908372828,Panamá,América,Centroamérica
2009,PRI,35,1266,0.02764612954186414,Puerto Rico,América,Caribe
2009,SAU,1,1266,0.0007898894154818325,Arabia Saudita,Asia,Medio Oriente
2009,TWN,4,1266,0.00315955766192733,Taiwán,Asia,Asia Oriental
2009,USA,908,1266,0.717219589257504,Estados Unidos,América,Norteamérica
2009,VEN,87,1266,0.06872037914691943,Venezuela,América,Sudamérica
2010,AUS,7,1249,0.005604483586869495,Australia,Oceanía,Oceanía
2010,CAN,19,1249,0.01521216973578863,Canadá,América,Norteamérica
2010,COL,3,1249,0.0024019215372297837,Colombia,América,Sudamérica
2010,CUB,15,1249,0.01200960768614892,Cuba,América,Caribe
2010,CUW,4,1249,0.0032025620496397116,Curaçao,América,Caribe
2010,DEU,4,1249,0.0032025620496397116,Alemania,Europa,Europa
2010,DOM,126,1249,0.10088070456365092,República Dominicana,América,Caribe
2010,JAM,1,1249,0.0008006405124099279,Jamaica,América,Caribe
2010,JPN,13,1249,0.010408326661329063,Japón,Asia,Asia Oriental
2010,KOR,2,1249,0.0016012810248198558,Corea del Sur,Asia,Asia Oriental
2010,MEX,16,1249,0.012810248198558846,México,América,Norteamérica
2010,NIC,3,1249,0.0024019215372297837,Nicaragua,América,Centroamérica
2010,NLD,2,1249,0.0016012810248198558,Países Bajos,Europa,Europa
2010,PAN,8,1249,0.006405124099279423,Panamá,América,Centroamérica
2010,PRI,29,1249,0.02321857485988791,Puerto Rico,América,Caribe
2010,TWN,3,1249,0.0024019215372297837,Taiwán,Asia,Asia Oriental
2010,USA,913,1249,0.7309847878302642,Estados Unidos,América,Norteamérica
2010,VEN,81,1249,0.06485188150520416,Venezuela,América,Sudamérica
2011,AUS,9,1295,0.0069498069498069494,Australia,Oceanía,Oceanía
2011,BHS,1,1295,0.0007722007722007722,Bahamas,América,Caribe
2011,CAN,25,1295,0.019305019305019305,Canadá,América,Norteamérica
2011,COL,4,1295,0.003088803088803089,Colombia,América,Sudamérica
2011,CUB,17,1295,0.013127413127413128,Cuba,América,Caribe
2011,CUW,4,1295,0.003088803088803089,Curaçao,América,Caribe
2011,DEU,3,1295,0.0023166023166023165,Alemania,Europa,Europa
2011,DOM,128,1295,0.09884169884169884,República Dominicana,América,Caribe
2011,ITA,1,1295,0.0007722007722007722,Italia,Europa,Europa
2011,JAM,1,1295,0.0007722007722007722,Jamaica,América,Caribe
2011,JPN,13,1295,0.010038610038610039,Japón,Asia,Asia Oriental
2011,KOR,1,1295,0.0007722007722007722,Corea del Sur,Asia,Asia Oriental
2011,MEX,16,1295,0.012355212355212355,México,América,Norteamérica
2011,NIC,3,1295,0.0023166023166023165,Nicaragua,América,Centroamérica
2011,NLD,2,1295,0.0015444015444015444,Países Bajos,Europa,Europa
2011,PAN,8,1295,0.006177606177606178,Panamá,América,Centroamérica
2011,PRI,28,1295,0.021621621621621623,Puerto Rico,América,Caribe
2011,TWN,3,1295,0.0023166023166023165,Taiwán,Asia,Asia Oriental
2011,USA,944,1295,0.728957528957529,Estados Unidos,América,Norteamérica
2011,VEN,84,1295,0.06486486486486487,Venezuela,América,Sudamérica
2012,AUS,7,1284,0.005451713395638629,Australia,Oceanía,Oceanía
2012,BRA,1,1284,0.000778816199376947,Brasil,América,Sudamérica
2012,CAN,21,1284,0.016355140186915886,Canadá,América,Norteamérica
2012,COL,5,1284,0.003894080996884735,Colombia,América,Sudamérica
2012,CUB,18,1284,0.014018691588785047,Cuba,América,Caribe
2012,CUW,6,1284,0.004672897196261682,Curaçao,América,Caribe
2012,DEU,3,1284,0.002336448598130841,Alemania,Europa,Europa
2012,DOM,128,1284,0.09968847352024922,República Dominicana,América,Caribe
2012,ITA,1,1284,0.000778816199376947,Italia,Europa,Europa
2012,JAM,1,1284,0.000778816199376947,Jamaica,América,Caribe
2012,JPN,16,1284,0.012461059190031152,Japón,Asia,Asia Oriental
2012,KOR,1,1284,0.000778816199376947,Corea del Sur,Asia,Asia Oriental
2012,MEX,15,1284,0.011682242990654205,México,América,Norteamérica
2012,NIC,4,1284,0.003115264797507788,Nicaragua,América,Centroamérica
2012,NLD,2,1284,0.001557632398753894,Países Bajos,Europa,Europa
2012,PAN,8,1284,0.006230529595015576,Panamá,América,Centroamérica
2012,PRI,17,1284,0.0132398753894081,Puerto Rico,América,Caribe
2012,TWN,3,1284,0.002336448598130841,Taiwán,Asia,Asia Oriental
2012,USA,936,1284,0.7289719626168224,Estados Unidos,América,Norteamérica
2012,VEN,91,1284,0.07087227414330217,Venezuela,América,Sudamérica
2013,ABW,1,1304,0.0007668711656441718,Aruba,América,Caribe
2013,AUS,4,1304,0.003067484662576687,Australia,Oceanía,Oceanía
2013,BRA,2,1304,0.0015337423312883436,Brasil,América,Sudamérica
2013,CAN,22,1304,0.01687116564417178,Canadá,América,Norteamérica
2013,COL,5,1304,0.003834355828220859,Colombia,América,Sudamérica
2013,CUB,21,1304,0.016104294478527608,Cuba,América,Caribe
2013,CUW,7,1304,0.005368098159509203,Curaçao,América,Caribe
2013,DEU,2,1304,0.0015337423312883436,Alemania,Europa,Europa
2013,DOM,134,1304,0.10276073619631902,República Dominicana,América,Caribe
2013,ITA,1,1304,0.0007668711656441718,Italia,Europa,Europa
2013,JAM,1,1304,0.0007668711656441718,Jamaica,América,Caribe
2013,JPN,13,1304,0.009969325153374233,Japón,Asia,Asia Oriental
2013,KOR,3,1304,0.0023006134969325155,Corea del Sur,Asia,Asia Oriental
2013,MEX,14,1304,0.010736196319018405,México,América,Norteamérica
2013,NIC,4,1304,0.003067484662576687,Nicaragua,América,Centroamérica
2013,NLD,1,1304,0.0007668711656441718,Países Bajos,Europa,Europa
2013,PAN,7,1304,0.005368098159509203,Panamá,América,Centroamérica
2013,PRI,20,1304,0.015337423312883436,Puerto Rico,América,Caribe
2013,SAU,1,1304,0.0007668711656441718,Arabia Saudita,Asia,Medio Oriente
2013,TWN,4,1304,0.003067484662576687,Taiwán,Asia,Asia Oriental
2013,USA,943,1304,0.723159509202454,Estados Unidos,América,Norteamérica
2013,VEN,94,1304,0.07208588957055215,Venezuela,América,Sudamérica
2014,ABW,1,1320,0.0007575757575757576,Aruba,América,Caribe
2014,AUS,3,1320,0.0022727272727272726,Australia,Oceanía,Oceanía
2014,BHS,1,1320,0.0007575757575757576,Bahamas,América,Caribe
2014,BRA,2,1320,0.0015151515151515152,Brasil,América,Sudamérica
2014,CAN,16,1320,0.012121212121212121,Canadá,América,Norteamérica
2014,COL,5,1320,0.003787878787878788,Colombia,América,Sudamérica
2014,CUB,25,1320,0.01893939393939394,Cuba,América,Caribe
2014,CUW,5,1320,0.003787878787878788,Curaçao,América,Caribe
2014,DEU,3,1320,0.0022727272727272726,Alemania,Europa,Europa
2014,DOM,143,1320,0.10833333333333334,República Dominicana,América,Caribe
2014,JAM,1,1320,0.0007575757575757576,Jamaica,América,Caribe
2014,JPN,12,1320,0.00909090909090909,Japón,Asia,Asia Oriental
2014,KOR,2,1320,0.0015151515151515152,Corea del Sur,Asia,Asia Oriental
2014,MEX,11,1320,0.008333333333333333,México,América,Norteamérica
2014,NIC,3,1320,0.0022727272727272726,Nicaragua,América,Centroamérica
2014,NLD,1,1320,0.0007575757575757576,Países Bajos,Europa,Europa
2014,PAN,5,1320,0.003787878787878788,Panamá,América,Centroamérica
2014,PRI,22,1320,0.016666666666666666,Puerto Rico,América,Caribe
2014,SAU,1,1320,0.0007575757575757576,Arabia Saudita,Asia,Medio Oriente
2014,TWN,3,1320,0.0022727272727272726,Taiwán,Asia,Asia Oriental
2014,USA,958,1320,0.7257575757575757,Estados Unidos,América,Norteamérica
2014,VEN,97,1320,0.07348484848484849,Venezuela,América,Sudamérica
2015,ABW,1,1348,0.000741839762611276,Aruba,América,Caribe
2015,AUS,3,1348,0.002225519287833828,Australia,Oceanía,Oceanía
2015,BRA,3,1348,0.002225519287833828,Brasil,América,Sudamérica
2015,CAN,13,1348,0.009643916913946587,Canadá,América,Norteamérica
2015,COL,9,1348,0.0066765578635014835,Colombia,América,Sudamérica
2015,CUB,27,1348,0.020029673590504452,Cuba,América,Caribe
2015,CUW,3,1348,0.002225519287833828,Curaçao,América,Caribe
2015,DEU,4,1348,0.002967359050445104,Alemania,Europa,Europa
2015,DOM,138,1348,0.10237388724035608,República Dominicana,América,Caribe
2015,GBR,1,1348,0.000741839762611276,Reino Unido,Europa,Europa
2015,JAM,1,1348,0.000741839762611276,Jamaica,América,Caribe
2015,JPN,10,1348,0.00741839762611276,Japón,Asia,Asia Oriental
2015,KOR,3,1348,0.002225519287833828,Corea del Sur,Asia,Asia Oriental
2015,MEX,12,1348,0.008902077151335312,México,América,Norteamérica
2015,NIC,4,1348,0.002967359050445104,Nicaragua,América,Centroamérica
2015,NLD,1,1348,0.000741839762611276,Países Bajos,Europa,Europa
2015,PAN,7,1348,0.0051928783382789315,Panamá,América,Centroamérica
2015,PRI,26,1348,0.019287833827893175,Puerto Rico,América,Caribe
2015,SAU,1,1348,0.000741839762611276,Arabia Saudita,Asia,Medio Oriente
2015,TWN,3,1348,0.002225519287833828,Taiwán,Asia,Asia Oriental
2015,USA,977,1348,0.7247774480712166,Estados Unidos,América,Norteamérica
2015,VEN,100,1348,0.07418397626112759,Venezuela,América,Sudamérica
2015,VIR,1,1348,0.000741839762611276,Islas Vírgenes (EE.UU.),América,Caribe
2016,ABW,1,1353,0.0007390983000739098,Aruba,América,Caribe
2016,AUS,4,1353,0.0029563932002956393,Australia,Oceanía,Oceanía
2016,BRA,2,1353,0.0014781966001478197,Brasil,América,Sudamérica
2016,CAN,14,1353,0.010347376201034738,Canadá,América,Norteamérica
2016,CHN,1,1353,0.0007390983000739098,China,Asia,Asia Oriental
2016,COL,6,1353,0.004434589800443459,Colombia,América,Sudamérica
2016,CUB,30,1353,0.022172949002217297,Cuba,América,Caribe
2016,CUW,4,1353,0.0029563932002956393,Curaçao,América,Caribe
2016,DEU,4,1353,0.0029563932002956393,Alemania,Europa,Europa
2016,DOM,134,1353,0.09903917220990392,República Dominicana,América,Caribe
2016,JPN,9,1353,0.0066518847006651885,Japón,Asia,Asia Oriental
2016,KOR,9,1353,0.0066518847006651885,Corea del Sur,Asia,Asia Oriental
2016,MEX,15,1353,0.011086474501108648,México,América,Norteamérica
2016,NIC,3,1353,0.0022172949002217295,Nicaragua,América,Centroamérica
2016,NLD,1,1353,0.0007390983000739098,Países Bajos,Europa,Europa
2016,PAN,6,1353,0.004434589800443459,Panamá,América,Centroamérica
2016,PRI,26,1353,0.019216555801921657,Puerto Rico,América,Caribe
2016,SAU,1,1353,0.0007390983000739098,Arabia Saudita,Asia,Medio Oriente
2016,TWN,3,1353,0.0022172949002217295,Taiwán,Asia,Asia Oriental
2016,USA,974,1353,0.7198817442719881,Estados Unidos,América,Norteamérica
2016,VEN,104,1353,0.07686622320768663,Venezuela,América,Sudamérica
2016,VIR,2,1353,0.0014781966001478197,Islas Vírgenes (EE.UU.),América,Caribe
2017,ABW,1,1358,0.0007363770250368188,Aruba,América,Caribe
2017,AUS,3,1358,0.0022091310751104565,Australia,Oceanía,Oceanía
2017,BRA,4,1358,0.0029455081001472753,Brasil,América,Sudamérica
2017,CAN,10,1358,0.007363770250368188,Canadá,América,Norteamérica
2017,CHN,1,1358,0.0007363770250368188,China,Asia,Asia Oriental
2017,COL,6,1358,0.004418262150220913,Colombia,América,Sudamérica
2017,CUB,24,1358,0.017673048600883652,Cuba,América,Caribe
2017,CUW,5,1358,0.003681885125184094,Curaçao,América,Caribe
2017,DEU,4,1358,0.0029455081001472753,Alemania,Europa,Europa
2017,DOM,152,1358,0.11192930780559647,República Dominicana,América,Caribe
2017,JPN,8,1358,0.005891016200294551,Japón,Asia,Asia Oriental
2017,KOR,7,1358,0.005154639175257732,Corea del Sur,Asia,Asia Oriental
2017,LTU,1,1358,0.0007363770250368188,Lituania,Europa,Europa
2017,MEX,15,1358,0.011045655375552283,México,América,Norteamérica
2017,NIC,3,1358,0.0022091310751104565,Nicaragua,América,Centroamérica
2017,NLD,1,1358,0.0007363770250368188,Países Bajos,Europa,Europa
2017,PAN,7,1358,0.005154639175257732,Panamá,América,Centroamérica
2017,PRI,28,1358,0.020618556701030927,Puerto Rico,América,Caribe
2017,SAU,1,1358,0.0007363770250368188,Arabia Saudita,Asia,Medio Oriente
2017,TWN,5,1358,0.003681885125184094,Taiwán,Asia,Asia Oriental
2017,USA,958,1358,0.7054491899852725,Estados Unidos,América,Norteamérica
2017,VEN,110,1358,0.08100147275405008,Venezuela,América,Sudamérica
2017,VIR,3,1358,0.0022091310751104565,Islas Vírgenes (EE.UU.),América,Caribe
2017,ZAF,1,1358,0.0007363770250368188,Sudáfrica,África,África
2018,ABW,1,1379,0.0007251631617113851,Aruba,América,Caribe
2018,AUS,3,1379,0.002175489485134155,Australia,Oceanía,Oceanía
2018,BRA,4,1379,0.0029006526468455403,Brasil,América,Sudamérica
2018,CAN,11,1379,0.007976794778825236,Canadá,América,Norteamérica
2018,CHN,1,1379,0.0007251631617113851,China,Asia,Asia Oriental
2018,COL,7,1379,0.005076142131979695,Colombia,América,Sudamérica
2018,CUB,25,1379,0.018129079042784626,Cuba,América,Caribe
2018,CUW,5,1379,0.0036258158085569255,Curaçao,América,Caribe
2018,DEU,4,1379,0.0029006526468455403,Alemania,Europa,Europa
2018,DOM,145,1379,0.10514865844815083,República Dominicana,América,Caribe
2018,GBR,1,1379,0.0007251631617113851,Reino Unido,Europa,Europa
2018,GUM,1,1379,0.0007251631617113851,Guam,Oceanía,Oceanía
2018,JPN,8,1379,0.005801305293691081,Japón,Asia,Asia Oriental
2018,KOR,6,1379,0.00435097897026831,Corea del Sur,Asia,Asia Oriental
2018,LTU,1,1379,0.0007251631617113851,Lituania,Europa,Europa
2018,MEX,17,1379,0.012327773749093546,México,América,Norteamérica
2018,NIC,4,1379,0.0029006526468455403,Nicaragua,América,Centroamérica
2018,NLD,1,1379,0.0007251631617113851,Países Bajos,Europa,Europa
2018,PAN,6,1379,0.00435097897026831,Panamá,América,Centroamérica
2018,PRI,24,1379,0.01740391588107324,Puerto Rico,América,Caribe
2018,SAU,1,1379,0.0007251631617113851,Arabia Saudita,Asia,Medio Oriente
2018,TWN,4,1379,0.0029006526468455403,Taiwán,Asia,Asia Oriental
2018,USA,988,1379,0.7164612037708484,Estados Unidos,América,Norteamérica
2018,VEN,108,1379,0.07831762146482958,Venezuela,América,Sudamérica
2018,VIR,2,1379,0.0014503263234227702,Islas Vírgenes (EE.UU.),América,Caribe
2018,ZAF,1,1379,0.0007251631617113851,Sudáfrica,África,África
2019,ABW,1,1410,0.0007092198581560284,Aruba,América,Caribe
2019,AUS,2,1410,0.0014184397163120568,Australia,Oceanía,Oceanía
2019,BRA,2,1410,0.0014184397163120568,Brasil,América,Sudamérica
2019,CAN,13,1410,0.009219858156028368,Canadá,América,Norteamérica
2019,CHN,1,1410,0.0007092198581560284,China,Asia,Asia Oriental
2019,COL,9,1410,0.006382978723404255,Colombia,América,Sudamérica
2019,CUB,29,1410,0.02056737588652482,Cuba,América,Caribe
2019,CUW,5,1410,0.0035460992907801418,Curaçao,América,Caribe
2019,DEU,3,1410,0.002127659574468085,Alemania,Europa,Europa
2019,DOM,152,1410,0.10780141843971631,República Dominicana,América,Caribe
2019,GUM,1,1410,0.0007092198581560284,Guam,Oceanía,Oceanía
2019,HND,1,1410,0.0007092198581560284,Honduras,América,Centroamérica
2019,JPN,7,1410,0.004964539007092199,Japón,Asia,Asia Oriental
2019,KOR,5,1410,0.0035460992907801418,Corea del Sur,Asia,Asia Oriental
2019,LTU,1,1410,0.0007092198581560284,Lituania,Europa,Europa
2019,MEX,15,1410,0.010638297872340425,México,América,Norteamérica
2019,NIC,4,1410,0.0028368794326241137,Nicaragua,América,Centroamérica
2019,NLD,1,1410,0.0007092198581560284,Países Bajos,Europa,Europa
2019,PAN,7,1410,0.004964539007092199,Panamá,América,Centroamérica
2019,PER,1,1410,0.0007092198581560284,Perú,América,Sudamérica
2019,PRI,28,1410,0.019858156028368795,Puerto Rico,América,Caribe
2019,SAU,1,1410,0.0007092198581560284,Arabia Saudita,Asia,Medio Oriente
2019,TWN,5,1410,0.0035460992907801418,Taiwán,Asia,Asia Oriental
2019,USA,1014,1410,0.7191489361702128,Estados Unidos,América,Norteamérica
2019,VEN,101,1410,0.07163120567375887,Venezuela,América,Sudamérica
2019,ZAF,1,1410,0.0007092198581560284,Sudáfrica,África,África
2020,ABW,2,1289,0.0015515903801396431,Aruba,América,Caribe
2020,AUS,3,1289,0.0023273855702094647,Australia,Oceanía,Oceanía
2020,BHS,1,1289,0.0007757951900698216,Bahamas,América,Caribe
2020,BRA,1,1289,0.0007757951900698216,Brasil,América,Sudamérica
2020,CAN,11,1289,0.008533747090768037,Canadá,América,Norteamérica
2020,CHN,1,1289,0.0007757951900698216,China,Asia,Asia Oriental
2020,COL,10,1289,0.007757951900698216,Colombia,América,Sudamérica
2020,CUB,28,1289,0.021722265321955005,Cuba,América,Caribe
2020,CUW,6,1289,0.004654771140418929,Curaçao,América,Caribe
2020,DEU,1,1289,0.0007757951900698216,Alemania,Europa,Europa
2020,DOM,137,1289,0.10628394103956555,República Dominicana,América,Caribe
2020,GUM,1,1289,0.0007757951900698216,Guam,Oceanía,Oceanía
2020,HND,1,1289,0.0007757951900698216,Honduras,América,Centroamérica
2020,JPN,9,1289,0.0069821567106283944,Japón,Asia,Asia Oriental
2020,KOR,5,1289,0.003878975950349108,Corea del Sur,Asia,Asia Oriental
2020,LTU,1,1289,0.0007757951900698216,Lituania,Europa,Europa
2020,MEX,15,1289,0.011636927851047323,México,América,Norteamérica
2020,NIC,3,1289,0.0023273855702094647,Nicaragua,América,Centroamérica
2020,NLD,1,1289,0.0007757951900698216,Países Bajos,Europa,Europa
2020,PAN,7,1289,0.005430566330488751,Panamá,América,Centroamérica
2020,PER,1,1289,0.0007757951900698216,Perú,América,Sudamérica
2020,PRI,27,1289,0.02094647013188518,Puerto Rico,América,Caribe
2020,TWN,2,1289,0.0015515903801396431,Taiwán,Asia,Asia Oriental
2020,USA,920,1289,0.7137315748642359,Estados Unidos,América,Norteamérica
2020,VEN,95,1289,0.07370054305663305,Venezuela,América,Sudamérica
2021,ABW,2,1508,0.001326259946949602,Aruba,América,Caribe
2021,AUS,3,1508,0.001989389920424403,Australia,Oceanía,Oceanía
2021,BHS,1,1508,0.000663129973474801,Bahamas,América,Caribe
2021,BRA,1,1508,0.000663129973474801,Brasil,América,Sudamérica
2021,CAN,14,1508,0.009283819628647215,Canadá,América,Norteamérica
2021,CHN,1,1508,0.000663129973474801,China,Asia,Asia Oriental
2021,COL,10,1508,0.006631299734748011,Colombia,América,Sudamérica
2021,CUB,26,1508,0.017241379310344827,Cuba,América,Caribe
2021,CUW,5,1508,0.0033156498673740055,Curaçao,América,Caribe
2021,DEU,1,1508,0.000663129973474801,Alemania,Europa,Europa
2021,DOM,170,1508,0.11273209549071618,República Dominicana,América,Caribe
2021,GUM,1,1508,0.000663129973474801,Guam,Oceanía,Oceanía
2021,HND,1,1508,0.000663129973474801,Honduras,América,Centroamérica
2021,JPN,8,1508,0.005305039787798408,Japón,Asia,Asia Oriental
2021,KOR,7,1508,0.004641909814323607,Corea del Sur,Asia,Asia Oriental
2021,MEX,17,1508,0.011273209549071617,México,América,Norteamérica
2021,NIC,2,1508,0.001326259946949602,Nicaragua,América,Centroamérica
2021,NLD,1,1508,0.000663129973474801,Países Bajos,Europa,Europa
2021,PAN,9,1508,0.005968169761273209,Panamá,América,Centroamérica
2021,PER,1,1508,0.000663129973474801,Perú,América,Sudamérica
2021,PRI,30,1508,0.01989389920424403,Puerto Rico,América,Caribe
2021,TWN,2,1508,0.001326259946949602,Taiwán,Asia,Asia Oriental
2021,USA,1092,1508,0.7241379310344828,Estados Unidos,América,Norteamérica
2021,VEN,102,1508,0.06763925729442971,Venezuela,América,Sudamérica
2021,VIR,1,1508,0.000663129973474801,Islas Vírgenes (EE.UU.),América,Caribe
2022,ABW,2,1495,0.0013377926421404682,Aruba,América,Caribe
2022,AUS,3,1495,0.002006688963210702,Australia,Oceanía,Oceanía
2022,BHS,2,1495,0.0013377926421404682,Bahamas,América,Caribe
2022,BRA,1,1495,0.0006688963210702341,Brasil,América,Sudamérica
2022,CAN,15,1495,0.010033444816053512,Canadá,América,Norteamérica
2022,CHN,1,1495,0.0006688963210702341,China,Asia,Asia Oriental
2022,COL,11,1495,0.007357859531772575,Colombia,América,Sudamérica
2022,CUB,32,1495,0.02140468227424749,Cuba,América,Caribe
2022,CUW,5,1495,0.0033444816053511705,Curaçao,América,Caribe
2022,DEU,3,1495,0.002006688963210702,Alemania,Europa,Europa
2022,DOM,171,1495,0.11438127090301003,República Dominicana,América,Caribe
2022,GUM,1,1495,0.0006688963210702341,Guam,Oceanía,Oceanía
2022,HND,1,1495,0.0006688963210702341,Honduras,América,Centroamérica
2022,JPN,7,1495,0.0046822742474916385,Japón,Asia,Asia Oriental
2022,KOR,6,1495,0.004013377926421404,Corea del Sur,Asia,Asia Oriental
2022,MEX,24,1495,0.016053511705685617,México,América,Norteamérica
2022,NIC,2,1495,0.0013377926421404682,Nicaragua,América,Centroamérica
2022,NLD,1,1495,0.0006688963210702341,Países Bajos,Europa,Europa
2022,PAN,9,1495,0.006020066889632107,Panamá,América,Centroamérica
2022,PER,1,1495,0.0006688963210702341,Perú,América,Sudamérica
2022,PRI,28,1495,0.018729096989966554,Puerto Rico,América,Caribe
2022,TWN,1,1495,0.0006688963210702341,Taiwán,Asia,Asia Oriental
2022,USA,1060,1495,0.7090301003344481,Estados Unidos,América,Norteamérica
2022,VEN,106,1495,0.07090301003344482,Venezuela,América,Sudamérica
2022,VIR,1,1495,0.0006688963210702341,Islas Vírgenes (EE.UU.),América,Caribe
2022,ZAF,1,1495,0.0006688963210702341,Sudáfrica,África,África
2023,ABW,2,1457,0.0013726835964310226,Aruba,América,Caribe
2023,AUS,2,1457,0.0013726835964310226,Australia,Oceanía,Oceanía
2023,BHS,1,1457,0.0006863417982155113,Bahamas,América,Caribe
2023,BRA,2,1457,0.0013726835964310226,Brasil,América,Sudamérica
2023,CAN,17,1457,0.011667810569663692,Canadá,América,Norteamérica
2023,COL,12,1457,0.008236101578586136,Colombia,América,Sudamérica
2023,CUB,26,1457,0.017844886753603295,Cuba,América,Caribe
2023,CUW,5,1457,0.0034317089910775567,Curaçao,América,Caribe
2023,DEU,2,1457,0.0013726835964310226,Alemania,Europa,Europa
2023,DOM,155,1457,0.10638297872340426,República Dominicana,América,Caribe
2023,GUM,1,1457,0.0006863417982155113,Guam,Oceanía,Oceanía
2023,HND,1,1457,0.0006863417982155113,Honduras,América,Centroamérica
2023,JPN,8,1457,0.00549073438572409,Japón,Asia,Asia Oriental
2023,KOR,5,1457,0.0034317089910775567,Corea del Sur,Asia,Asia Oriental
2023,MEX,19,1457,0.013040494166094716,México,América,Norteamérica
2023,NIC,2,1457,0.0013726835964310226,Nicaragua,América,Centroamérica
2023,PAN,11,1457,0.0075497597803706245,Panamá,América,Centroamérica
2023,PER,1,1457,0.0006863417982155113,Perú,América,Sudamérica
2023,PRI,29,1457,0.01990391214824983,Puerto Rico,América,Caribe
2023,PRT,1,1457,0.0006863417982155113,Portugal,Europa,Europa
2023,TWN,1,1457,0.0006863417982155113,Taiwán,Asia,Asia Oriental
2023,USA,1059,1457,0.7268359643102265,Estados Unidos,América,Norteamérica
2023,VEN,94,1457,0.06451612903225806,Venezuela,América,Sudamérica
2023,ZAF,1,1457,0.0006863417982155113,Sudáfrica,África,África
2024,ABW,2,1454,0.001375515818431912,Aruba,América,Caribe
2024,AUS,2,1454,0.001375515818431912,Australia,Oceanía,Oceanía
2024,BHS,1,1454,0.000687757909215956,Bahamas,América,Caribe
2024,BRA,2,1454,0.001375515818431912,Brasil,América,Sudamérica
2024,CAN,17,1454,0.011691884456671253,Canadá,América,Norteamérica
2024,COL,9,1454,0.006189821182943604,Colombia,América,Sudamérica
2024,CUB,32,1454,0.02200825309491059,Cuba,América,Caribe
2024,CUW,4,1454,0.002751031636863824,Curaçao,América,Caribe
2024,DEU,2,1454,0.001375515818431912,Alemania,Europa,Europa
2024,DOM,143,1454,0.09834938101788171,República Dominicana,América,Caribe
2024,GBR,1,1454,0.000687757909215956,Reino Unido,Europa,Europa
2024,GUM,1,1454,0.000687757909215956,Guam,Oceanía,Oceanía
2024,HND,1,1454,0.000687757909215956,Honduras,América,Centroamérica
2024,ITA,1,1454,0.000687757909215956,Italia,Europa,Europa
2024,JPN,12,1454,0.008253094910591471,Japón,Asia,Asia Oriental
2024,KOR,3,1454,0.0020632737276478678,Corea del Sur,Asia,Asia Oriental
2024,MEX,16,1454,0.011004126547455296,México,América,Norteamérica
2024,NIC,3,1454,0.0020632737276478678,Nicaragua,América,Centroamérica
2024,PAN,8,1454,0.005502063273727648,Panamá,América,Centroamérica
2024,PER,1,1454,0.000687757909215956,Perú,América,Sudamérica
2024,PRI,27,1454,0.018569463548830812,Puerto Rico,América,Caribe
2024,PRT,1,1454,0.000687757909215956,Portugal,Europa,Europa
2024,TWN,1,1454,0.000687757909215956,Taiwán,Asia,Asia Oriental
2024,USA,1073,1454,0.7379642365887208,Estados Unidos,América,Norteamérica
2024,VEN,90,1454,0.061898211829436035,Venezuela,América,Sudamérica
2024,ZAF,1,1454,0.000687757909215956,Sudáfrica,África,África
2025,ABW,2,1465,0.0013651877133105802,Aruba,América,Caribe
2025,AUS,2,1465,0.0013651877133105802,Australia,Oceanía,Oceanía
2025,BHS,1,1465,0.0006825938566552901,Bahamas,América,Caribe
2025,CAN,22,1465,0.015017064846416382,Canadá,América,Norteamérica
2025,COL,8,1465,0.005460750853242321,Colombia,América,Sudamérica
2025,CUB,33,1465,0.022525597269624574,Cuba,América,Caribe
2025,CUW,4,1465,0.0027303754266211604,Curaçao,América,Caribe
2025,DEU,2,1465,0.0013651877133105802,Alemania,Europa,Europa
2025,DOM,144,1465,0.09829351535836177,República Dominicana,América,Caribe
2025,GBR,1,1465,0.0006825938566552901,Reino Unido,Europa,Europa
2025,HND,1,1465,0.0006825938566552901,Honduras,América,Centroamérica
2025,ITA,2,1465,0.0013651877133105802,Italia,Europa,Europa
2025,JPN,14,1465,0.00955631399317406,Japón,Asia,Asia Oriental
2025,KOR,4,1465,0.0027303754266211604,Corea del Sur,Asia,Asia Oriental
2025,MEX,15,1465,0.010238907849829351,México,América,Norteamérica
2025,NIC,3,1465,0.0020477815699658703,Nicaragua,América,Centroamérica
2025,PAN,6,1465,0.004095563139931741,Panamá,América,Centroamérica
2025,PER,1,1465,0.0006825938566552901,Perú,América,Sudamérica
2025,PRI,27,1465,0.018430034129692834,Puerto Rico,América,Caribe
2025,PRT,1,1465,0.0006825938566552901,Portugal,Europa,Europa
2025,TWN,2,1465,0.0013651877133105802,Taiwán,Asia,Asia Oriental
2025,USA,1077,1465,0.7351535836177474,Estados Unidos,América,Norteamérica
2025,VEN,92,1465,0.06279863481228669,Venezuela,América,Sudamérica
2025,ZAF,1,1465,0.0006825938566552901,Sudáfrica,África,África
2026,ABW,3,1508,0.001989389920424403,Aruba,América,Caribe
2026,AUS,4,1508,0.002652519893899204,Australia,Oceanía,Oceanía
2026,BHS,2,1508,0.001326259946949602,Bahamas,América,Caribe
2026,CAN,24,1508,0.015915119363395226,Canadá,América,Norteamérica
2026,COL,8,1508,0.005305039787798408,Colombia,América,Sudamérica
2026,CUB,32,1508,0.021220159151193633,Cuba,América,Caribe
2026,CUW,3,1508,0.001989389920424403,Curaçao,América,Caribe
2026,DEU,2,1508,0.001326259946949602,Alemania,Europa,Europa
2026,DOM,146,1508,0.09681697612732096,República Dominicana,América,Caribe
2026,GBR,1,1508,0.000663129973474801,Reino Unido,Europa,Europa
2026,HND,1,1508,0.000663129973474801,Honduras,América,Centroamérica
2026,ITA,2,1508,0.001326259946949602,Italia,Europa,Europa
2026,JPN,14,1508,0.009283819628647215,Japón,Asia,Asia Oriental
2026,KOR,7,1508,0.004641909814323607,Corea del Sur,Asia,Asia Oriental
2026,MEX,21,1508,0.013925729442970823,México,América,Norteamérica
2026,NIC,2,1508,0.001326259946949602,Nicaragua,América,Centroamérica
2026,PAN,8,1508,0.005305039787798408,Panamá,América,Centroamérica
2026,PER,1,1508,0.000663129973474801,Perú,América,Sudamérica
2026,PRI,27,1508,0.01790450928381963,Puerto Rico,América,Caribe
2026,SVK,1,1508,0.000663129973474801,Eslovaquia,Europa,Europa
2026,TWN,3,1508,0.001989389920424403,Taiwán,Asia,Asia Oriental
2026,USA,1099,1508,0.7287798408488063,Estados Unidos,América,Norteamérica
2026,VEN,97,1508,0.0643236074270557,Venezuela,América,Sudamérica
