season,team_abbr,team,payroll_usd,wins,losses,made_playoffs,ws_champion,source,verified,win_pct,payroll_vs_median,payroll_rank
1985,ATL,Atlanta Braves,14807000.0,66,96.0,False,False,Lahman (SABR) Salaries + Teams,yes,0.4074074074074074,1.472013866973072,1.0
1985,CAL,California Angels,14427894.0,90,72.0,False,False,Lahman (SABR) Salaries + Teams,yes,0.5555555555555556,1.4343256594325375,2.0
1985,NYA,New York Yankees,14238204.0,97,64.0,False,False,Lahman (SABR) Salaries + Teams,yes,0.6024844720496895,1.4154679360296794,3.0
1985,CHN,Chicago Cubs,12702917.0,77,84.0,False,False,Lahman (SABR) Salaries + Teams,yes,0.4782608695652174,1.2628398713451727,4.0
1985,SLN,St. Louis Cardinals,11817083.0,101,61.0,True,False,Lahman (SABR) Salaries + Teams,yes,0.6234567901234568,1.1747761223186162,5.0
1985,BAL,Baltimore Orioles,11560712.0,83,78.0,False,False,Lahman (SABR) Salaries + Teams,yes,0.515527950310559,1.1492894155522386,6.0
1985,ML4,Milwaukee Brewers,11284107.0,71,90.0,False,False,Lahman (SABR) Salaries + Teams,yes,0.4409937888198758,1.1217911785242054,7.0
1985,SDN,San Diego Padres,11036583.0,83,79.0,False,False,Lahman (SABR) Salaries + Teams,yes,0.5123456790123457,1.097183981900403,8.0
1985,LAN,Los Angeles Dodgers,10967917.0,95,67.0,True,False,Lahman (SABR) Salaries + Teams,yes,0.5864197530864198,1.0903576629843785,9.0
1985,BOS,Boston Red Sox,10897560.0,81,81.0,False,False,Lahman (SABR) Salaries + Teams,yes,0.5,1.0833632360485628,10.0
1985,NYN,New York Mets,10834762.0,98,64.0,False,False,Lahman (SABR) Salaries + Teams,yes,0.6049382716049383,1.0771202748262914,11.0
1985,DET,Detroit Tigers,10348143.0,84,77.0,False,False,Lahman (SABR) Salaries + Teams,yes,0.5217391304347826,1.0287438369298525,12.0
1985,PHI,Philadelphia Phillies,10124966.0,75,87.0,False,False,Lahman (SABR) Salaries + Teams,yes,0.46296296296296297,1.006557057785566,13.0
1985,HOU,Houston Astros,9993051.0,83,79.0,False,False,Lahman (SABR) Salaries + Teams,yes,0.5123456790123457,0.993442942214434,14.0
1985,CHA,Chicago White Sox,9846178.0,85,77.0,False,False,Lahman (SABR) Salaries + Teams,yes,0.5246913580246914,0.9788418013564657,15.0
1985,MON,Montreal Expos,9470166.0,84,77.0,False,False,Lahman (SABR) Salaries + Teams,yes,0.5217391304347826,0.94146117880306,16.0
1985,KCA,Kansas City Royals,9321179.0,91,71.0,True,True,Lahman (SABR) Salaries + Teams,yes,0.5617283950617284,0.9266498780670083,17.0
1985,PIT,Pittsburgh Pirates,9227500.0,57,104.0,False,False,Lahman (SABR) Salaries + Teams,yes,0.35403726708074534,0.9173369323626678,18.0
1985,OAK,Oakland Athletics,9058606.0,77,85.0,False,False,Lahman (SABR) Salaries + Teams,yes,0.47530864197530864,0.9005466095391012,19.0
1985,TOR,Toronto Blue Jays,8812550.0,99,62.0,True,False,Lahman (SABR) Salaries + Teams,yes,0.6149068322981367,0.8760853517521136,20.0
1985,CIN,Cincinnati Reds,8359917.0,89,72.0,False,False,Lahman (SABR) Salaries + Teams,yes,0.5527950310559007,0.8310875768720147,21.0
1985,SFN,San Francisco Giants,8221714.0,62,100.0,False,False,Lahman (SABR) Salaries + Teams,yes,0.38271604938271603,0.8173483499889675,22.0
1985,TEX,Texas Rangers,7676500.0,62,99.0,False,False,Lahman (SABR) Salaries + Teams,yes,0.38509316770186336,0.7631467852920096,23.0
1985,CLE,Cleveland Indians,6551666.0,60,102.0,False,False,Lahman (SABR) Salaries + Teams,yes,0.37037037037037035,0.6513232392635915,24.0
1985,MIN,Minnesota Twins,5764821.0,77,85.0,False,False,Lahman (SABR) Salaries + Teams,yes,0.47530864197530864,0.5731003209709983,25.0
1985,SEA,Seattle Mariners,4613000.0,74,88.0,False,False,Lahman (SABR) Salaries + Teams,yes,0.4567901234567901,0.4585939061489013,26.0
1986,NYA,New York Yankees,18494253.0,90,72.0,False,False,Lahman (SABR) Salaries + Teams,yes,0.5555555555555556,1.6102360821595745,1.0
1986,CHN,Chicago Cubs,17208165.0,70,90.0,False,False,Lahman (SABR) Salaries + Teams,yes,0.4375,1.4982604699284428,2.0
1986,ATL,Atlanta Braves,17102786.0,72,89.0,False,False,Lahman (SABR) Salaries + Teams,yes,0.4472049689440994,1.4890854538787601,3.0
1986,NYN,New York Mets,15393714.0,108,54.0,True,True,Lahman (SABR) Salaries + Teams,yes,0.6666666666666666,1.3402819633345013,4.0
1986,LAN,Los Angeles Dodgers,14913776.0,73,89.0,False,False,Lahman (SABR) Salaries + Teams,yes,0.4506172839506173,1.298495280476886,5.0
1986,CAL,California Angels,14427258.0,92,70.0,True,False,Lahman (SABR) Salaries + Teams,yes,0.5679012345679012,1.2561356978422096,6.0
1986,BOS,Boston Red Sox,14402239.0,95,66.0,True,False,Lahman (SABR) Salaries + Teams,yes,0.5900621118012422,1.2539573726868465,7.0
1986,KCA,Kansas City Royals,13043698.0,76,86.0,False,False,Lahman (SABR) Salaries + Teams,yes,0.4691358024691358,1.135673507029058,8.0
1986,BAL,Baltimore Orioles,13001258.0,73,89.0,False,False,Lahman (SABR) Salaries + Teams,yes,0.4506172839506173,1.1319783905338499,9.0
1986,TOR,Toronto Blue Jays,12611047.0,86,76.0,False,False,Lahman (SABR) Salaries + Teams,yes,0.5308641975308642,1.0980039536179296,10.0
1986,DET,Detroit Tigers,12335714.0,87,75.0,False,False,Lahman (SABR) Salaries + Teams,yes,0.5370370370370371,1.074031580621343,11.0
1986,CIN,Cincinnati Reds,11906388.0,86,76.0,False,False,Lahman (SABR) Salaries + Teams,yes,0.5308641975308642,1.0366515244379846,12.0
1986,PHI,Philadelphia Phillies,11590166.0,86,75.0,False,False,Lahman (SABR) Salaries + Teams,yes,0.5341614906832298,1.0091190756079256,13.0
1986,SDN,San Diego Padres,11380693.0,74,88.0,False,False,Lahman (SABR) Salaries + Teams,yes,0.4567901234567901,0.9908809243920743,14.0
1986,MON,Montreal Expos,11103600.0,78,83.0,False,False,Lahman (SABR) Salaries + Teams,yes,0.484472049689441,0.9667553137651491,15.0
1986,PIT,Pittsburgh Pirates,10843500.0,64,98.0,False,False,Lahman (SABR) Salaries + Teams,yes,0.3950617283950617,0.9441092298725093,16.0
1986,CHA,Chicago White Sox,10418819.0,72,90.0,False,False,Lahman (SABR) Salaries + Teams,yes,0.4444444444444444,0.9071335991396752,17.0
1986,ML4,Milwaukee Brewers,9943642.0,77,84.0,False,False,Lahman (SABR) Salaries + Teams,yes,0.4782608695652174,0.8657614414854925,18.0
1986,SLN,St. Louis Cardinals,9875010.0,79,82.0,False,False,Lahman (SABR) Salaries + Teams,yes,0.4906832298136646,0.8597858704369741,19.0
1986,HOU,Houston Astros,9873276.0,96,66.0,True,False,Lahman (SABR) Salaries + Teams,yes,0.5925925925925926,0.8596348965443564,20.0
1986,OAK,Oakland Athletics,9779421.0,76,86.0,False,False,Lahman (SABR) Salaries + Teams,yes,0.4691358024691358,0.8514632387060492,21.0
1986,SFN,San Francisco Giants,8947000.0,83,79.0,False,False,Lahman (SABR) Salaries + Teams,yes,0.5123456790123457,0.7789869764992245,22.0
1986,MIN,Minnesota Twins,8748167.0,71,91.0,False,False,Lahman (SABR) Salaries + Teams,yes,0.4382716049382716,0.7616752164122378,23.0
1986,CLE,Cleveland Indians,7809500.0,84,78.0,False,False,Lahman (SABR) Salaries + Teams,yes,0.5185185185185185,0.6799484512094215,24.0
1986,TEX,Texas Rangers,6743119.0,87,75.0,False,False,Lahman (SABR) Salaries + Teams,yes,0.5370370370370371,0.5871020321878254,25.0
1986,SEA,Seattle Mariners,5958309.0,67,95.0,False,False,Lahman (SABR) Salaries + Teams,yes,0.41358024691358025,0.5187711090821636,26.0
1987,NYA,New York Yankees,17099714.0,89,73.0,False,False,Lahman (SABR) Salaries + Teams,yes,0.5493827160493827,1.5145874259063175,1.0
1987,ATL,Atlanta Braves,16544560.0,69,92.0,False,False,Lahman (SABR) Salaries + Teams,yes,0.42857142857142855,1.4654153012823854,2.0
1987,CHN,Chicago Cubs,14307999.0,76,85.0,False,False,Lahman (SABR) Salaries + Teams,yes,0.4720496894409938,1.267314492820182,3.0
1987,BAL,Baltimore Orioles,13900273.0,67,95.0,False,False,Lahman (SABR) Salaries + Teams,yes,0.41358024691358025,1.2312006330904182,4.0
1987,NYN,New York Mets,13846714.0,92,70.0,False,False,Lahman (SABR) Salaries + Teams,yes,0.5679012345679012,1.2264567064993583,5.0
1987,LAN,Los Angeles Dodgers,13675403.0,73,89.0,False,False,Lahman (SABR) Salaries + Teams,yes,0.4506172839506173,1.211283032453147,6.0
1987,CAL,California Angels,12843499.0,75,87.0,False,False,Lahman (SABR) Salaries + Teams,yes,0.46296296296296297,1.1375980960874763,7.0
1987,HOU,Houston Astros,12608371.0,76,86.0,False,False,Lahman (SABR) Salaries + Teams,yes,0.4691358024691358,1.1167719049430804,8.0
1987,DET,Detroit Tigers,12122881.0,98,64.0,True,False,Lahman (SABR) Salaries + Teams,yes,0.6049382716049383,1.073770188691963,9.0
1987,KCA,Kansas City Royals,11828056.0,83,79.0,False,False,Lahman (SABR) Salaries + Teams,yes,0.5123456790123457,1.0476564046928372,10.0
1987,SLN,St. Louis Cardinals,11758000.0,95,67.0,True,False,Lahman (SABR) Salaries + Teams,yes,0.5864197530864198,1.041451275372587,11.0
1987,OAK,Oakland Athletics,11680839.0,81,81.0,False,False,Lahman (SABR) Salaries + Teams,yes,0.5,1.0346168288800692,12.0
1987,PHI,Philadelphia Phillies,11514233.0,80,82.0,False,False,Lahman (SABR) Salaries + Teams,yes,0.49382716049382713,1.0198598947769288,13.0
1987,SDN,San Diego Padres,11065796.0,65,97.0,False,False,Lahman (SABR) Salaries + Teams,yes,0.4012345679012346,0.9801401052230713,14.0
1987,CHA,Chicago White Sox,10641843.0,77,85.0,False,False,Lahman (SABR) Salaries + Teams,yes,0.47530864197530864,0.9425889577024016,15.0
1987,TOR,Toronto Blue Jays,10479501.0,96,66.0,False,False,Lahman (SABR) Salaries + Teams,yes,0.5925925925925926,0.9282097024764672,16.0
1987,BOS,Boston Red Sox,10144167.0,78,84.0,False,False,Lahman (SABR) Salaries + Teams,yes,0.48148148148148145,0.8985078805700383,17.0
1987,CIN,Cincinnati Reds,9281500.0,84,78.0,False,False,Lahman (SABR) Salaries + Teams,yes,0.5185185185185185,0.8220981469952939,18.0
1987,CLE,Cleveland Indians,8513750.0,61,101.0,False,False,Lahman (SABR) Salaries + Teams,yes,0.3765432098765432,0.7540955771137406,19.0
1987,PIT,Pittsburgh Pirates,7652000.0,80,82.0,False,False,Lahman (SABR) Salaries + Teams,yes,0.49382716049382713,0.6777670657553185,20.0
1987,ML4,Milwaukee Brewers,7293224.0,91,71.0,False,False,Lahman (SABR) Salaries + Teams,yes,0.5617283950617284,0.6459888957627113,21.0
1987,SFN,San Francisco Giants,7290000.0,90,72.0,True,False,Lahman (SABR) Salaries + Teams,yes,0.5555555555555556,0.6457033336848239,22.0
1987,MON,Montreal Expos,6942052.0,91,71.0,False,False,Lahman (SABR) Salaries + Teams,yes,0.5617283950617284,0.6148842412912756,23.0
1987,MIN,Minnesota Twins,6397500.0,85,77.0,True,True,Lahman (SABR) Salaries + Teams,yes,0.5246913580246914,0.5666511765773197,24.0
1987,SEA,Seattle Mariners,2263500.0,78,84.0,False,False,Lahman (SABR) Salaries + Teams,yes,0.48148148148148145,0.20048689928609037,25.0
1987,TEX,Texas Rangers,880000.0,75,87.0,False,False,Lahman (SABR) Salaries + Teams,yes,0.46296296296296297,0.0779449840387716,26.0
1988,NYA,New York Yankees,19441152.0,85,76.0,False,False,Lahman (SABR) Salaries + Teams,yes,0.5279503105590062,1.5763415531890301,1.0
1988,LAN,Los Angeles Dodgers,16850515.0,94,67.0,True,True,Lahman (SABR) Salaries + Teams,yes,0.5838509316770186,1.366285649489035,2.0
1988,NYN,New York Mets,15269314.0,100,60.0,True,False,Lahman (SABR) Salaries + Teams,yes,0.625,1.2380775659225853,3.0
1988,KCA,Kansas City Royals,14556562.0,84,77.0,False,False,Lahman (SABR) Salaries + Teams,yes,0.5217391304347826,1.180285692543961,4.0
1988,BOS,Boston Red Sox,13896092.0,89,73.0,True,False,Lahman (SABR) Salaries + Teams,yes,0.5493827160493827,1.1267329861181918,5.0
1988,PHI,Philadelphia Phillies,13838000.0,65,96.0,False,False,Lahman (SABR) Salaries + Teams,yes,0.40372670807453415,1.1220227285414877,6.0
1988,BAL,Baltimore Orioles,13532075.0,54,107.0,False,False,Lahman (SABR) Salaries + Teams,yes,0.33540372670807456,1.0972174963382029,7.0
1988,CHN,Chicago Cubs,13119198.0,77,85.0,False,False,Lahman (SABR) Salaries + Teams,yes,0.47530864197530864,1.063740304685361,8.0
1988,SLN,St. Louis Cardinals,12880000.0,76,86.0,False,False,Lahman (SABR) Salaries + Teams,yes,0.4691358024691358,1.04434547937667,9.0
1988,DET,Detroit Tigers,12869571.0,88,74.0,False,False,Lahman (SABR) Salaries + Teams,yes,0.5432098765432098,1.0434998676527245,10.0
1988,ATL,Atlanta Braves,12728174.0,54,106.0,False,False,Lahman (SABR) Salaries + Teams,yes,0.3375,1.032035013790347,11.0
1988,MIN,Minnesota Twins,12462666.0,91,71.0,False,False,Lahman (SABR) Salaries + Teams,yes,0.5617283950617284,1.0105069020249478,12.0
1988,SFN,San Francisco Giants,12380000.0,83,79.0,False,False,Lahman (SABR) Salaries + Teams,yes,0.5123456790123457,1.0038041175996255,13.0
1988,HOU,Houston Astros,12286167.0,82,80.0,False,False,Lahman (SABR) Salaries + Teams,yes,0.5061728395061729,0.9961958824003746,14.0
1988,TOR,Toronto Blue Jays,12241225.0,87,75.0,False,False,Lahman (SABR) Salaries + Teams,yes,0.5370370370370371,0.9925518626384067,15.0
1988,CAL,California Angels,11947388.0,75,87.0,False,False,Lahman (SABR) Salaries + Teams,yes,0.46296296296296297,0.9687267583974437,16.0
1988,OAK,Oakland Athletics,9690000.0,104,58.0,True,False,Lahman (SABR) Salaries + Teams,yes,0.6419753086419753,0.7856915912391252,17.0
1988,MON,Montreal Expos,9603333.0,81,81.0,False,False,Lahman (SABR) Salaries + Teams,yes,0.5,0.778664394836863,18.0
1988,SDN,San Diego Padres,9561002.0,83,78.0,False,False,Lahman (SABR) Salaries + Teams,yes,0.515527950310559,0.7752320820660948,19.0
1988,CLE,Cleveland Indians,8936500.0,78,84.0,False,False,Lahman (SABR) Salaries + Teams,yes,0.48148148148148145,0.724595759041119,20.0
1988,CIN,Cincinnati Reds,8888409.0,87,74.0,False,False,Lahman (SABR) Salaries + Teams,yes,0.5403726708074534,0.7206964097826792,21.0
1988,ML4,Milwaukee Brewers,8402000.0,87,75.0,False,False,Lahman (SABR) Salaries + Teams,yes,0.5370370370370371,0.6812570433014582,22.0
1988,SEA,Seattle Mariners,7342450.0,68,93.0,False,False,Lahman (SABR) Salaries + Teams,yes,0.422360248447205,0.5953458435597229,23.0
1988,CHA,Chicago White Sox,6390000.0,71,90.0,False,False,Lahman (SABR) Salaries + Teams,yes,0.4409937888198758,0.5181186035106305,24.0
1988,PIT,Pittsburgh Pirates,5998500.0,85,75.0,False,False,Lahman (SABR) Salaries + Teams,yes,0.53125,0.4863747172392046,25.0
1988,TEX,Texas Rangers,5342131.0,70,91.0,False,False,Lahman (SABR) Salaries + Teams,yes,0.43478260869565216,0.4331545310627306,26.0
1989,LAN,Los Angeles Dodgers,21071562.0,77,83.0,False,False,Lahman (SABR) Salaries + Teams,yes,0.48125,1.4453448085341318,1.0
1989,NYN,New York Mets,19885071.0,87,75.0,False,False,Lahman (SABR) Salaries + Teams,yes,0.5370370370370371,1.3639607798027795,2.0
1989,KCA,Kansas City Royals,18683568.0,92,70.0,False,False,Lahman (SABR) Salaries + Teams,yes,0.5679012345679012,1.281547044955397,3.0
1989,BOS,Boston Red Sox,17481748.0,83,79.0,False,False,Lahman (SABR) Salaries + Teams,yes,0.5123456790123457,1.1991115663804108,4.0
1989,NYA,New York Yankees,17114375.0,74,87.0,False,False,Lahman (SABR) Salaries + Teams,yes,0.45962732919254656,1.1739126438541354,5.0
1989,TOR,Toronto Blue Jays,16261666.0,89,73.0,True,False,Lahman (SABR) Salaries + Teams,yes,0.5493827160493827,1.1154234570373094,6.0
1989,SLN,St. Louis Cardinals,16078833.0,86,76.0,False,False,Lahman (SABR) Salaries + Teams,yes,0.5308641975308642,1.1028825392174193,7.0
1989,OAK,Oakland Athletics,15613070.0,99,63.0,True,True,Lahman (SABR) Salaries + Teams,yes,0.6111111111111112,1.070934830070025,8.0
1989,MIN,Minnesota Twins,15531666.0,80,82.0,False,False,Lahman (SABR) Salaries + Teams,yes,0.49382716049382713,1.0653511505690032,9.0
1989,DET,Detroit Tigers,15146404.0,59,103.0,False,False,Lahman (SABR) Salaries + Teams,yes,0.36419753086419754,1.0389251821654517,10.0
1989,CAL,California Angels,15097833.0,91,71.0,False,False,Lahman (SABR) Salaries + Teams,yes,0.5617283950617284,1.0355935903880926,11.0
1989,HOU,Houston Astros,15029500.0,86,76.0,False,False,Lahman (SABR) Salaries + Teams,yes,0.5308641975308642,1.030906479541656,12.0
1989,SFN,San Francisco Giants,14962834.0,92,70.0,True,False,Lahman (SABR) Salaries + Teams,yes,0.5679012345679012,1.0263337118936886,13.0
1989,SDN,San Diego Padres,14195000.0,89,73.0,False,False,Lahman (SABR) Salaries + Teams,yes,0.5493827160493827,0.9736662881063113,14.0
1989,MON,Montreal Expos,13807389.0,81,81.0,False,False,Lahman (SABR) Salaries + Teams,yes,0.5,0.9470791966234529,15.0
1989,PIT,Pittsburgh Pirates,12737500.0,74,88.0,False,False,Lahman (SABR) Salaries + Teams,yes,0.4567901234567901,0.8736931556713026,16.0
1989,TEX,Texas Rangers,11893781.0,83,79.0,False,False,Lahman (SABR) Salaries + Teams,yes,0.5123456790123457,0.8158206127382439,17.0
1989,ML4,Milwaukee Brewers,11533000.0,81,81.0,False,False,Lahman (SABR) Salaries + Teams,yes,0.5,0.7910738499985973,18.0
1989,ATL,Atlanta Braves,11112334.0,63,97.0,False,False,Lahman (SABR) Salaries + Teams,yes,0.39375,0.7622194433235335,19.0
1989,CIN,Cincinnati Reds,11072000.0,75,87.0,False,False,Lahman (SABR) Salaries + Teams,yes,0.46296296296296297,0.7594528455028586,20.0
1989,CHN,Chicago Cubs,10668000.0,93,69.0,True,False,Lahman (SABR) Salaries + Teams,yes,0.5740740740740741,0.7317415964436864,21.0
1989,PHI,Philadelphia Phillies,10604000.0,67,95.0,False,False,Lahman (SABR) Salaries + Teams,yes,0.41358024691358025,0.7273516956026295,22.0
1989,SEA,Seattle Mariners,9779500.0,73,89.0,False,False,Lahman (SABR) Salaries + Teams,yes,0.4506172839506173,0.6707974261737,23.0
1989,CLE,Cleveland Indians,9094500.0,73,89.0,False,False,Lahman (SABR) Salaries + Teams,yes,0.4506172839506173,0.6238117687342619,24.0
1989,BAL,Baltimore Orioles,8275167.0,87,75.0,False,False,Lahman (SABR) Salaries + Teams,yes,0.5370370370370371,0.5676119152060471,25.0
1989,CHA,Chicago White Sox,7265410.0,69,92.0,False,False,Lahman (SABR) Salaries + Teams,yes,0.42857142857142855,0.4983504604628725,26.0
1990,KCA,Kansas City Royals,23361084.0,75,86.0,False,False,Lahman (SABR) Salaries + Teams,yes,0.4658385093167702,1.3280295718451693,1.0
1990,NYN,New York Mets,21722834.0,91,71.0,False,False,Lahman (SABR) Salaries + Teams,yes,0.5617283950617284,1.2348984292117475,2.0
1990,CAL,California Angels,21720000.0,80,82.0,False,False,Lahman (SABR) Salaries + Teams,yes,0.49382716049382713,1.2347373221412619,3.0
1990,LAN,Los Angeles Dodgers,21318704.0,86,76.0,False,False,Lahman (SABR) Salaries + Teams,yes,0.5308641975308642,1.211924470003785,4.0
1990,NYA,New York Yankees,20912318.0,67,95.0,False,False,Lahman (SABR) Salaries + Teams,yes,0.41358024691358025,1.1888222618363955,5.0
1990,BOS,Boston Red Sox,20558333.0,88,74.0,True,False,Lahman (SABR) Salaries + Teams,yes,0.5432098765432098,1.1686989427305863,6.0
1990,SLN,St. Louis Cardinals,20523334.0,70,92.0,False,False,Lahman (SABR) Salaries + Teams,yes,0.43209876543209874,1.1667093215732374,7.0
1990,OAK,Oakland Athletics,19887501.0,103,59.0,True,False,Lahman (SABR) Salaries + Teams,yes,0.6358024691358025,1.130563523426412,8.0
1990,ML4,Milwaukee Brewers,19719167.0,74,88.0,False,False,Lahman (SABR) Salaries + Teams,yes,0.4567901234567901,1.1209940817880453,9.0
1990,SFN,San Francisco Giants,19335333.0,85,77.0,False,False,Lahman (SABR) Salaries + Teams,yes,0.5246913580246914,1.0991739084313799,10.0
1990,HOU,Houston Astros,18330000.0,75,87.0,False,False,Lahman (SABR) Salaries + Teams,yes,0.46296296296296297,1.042022795342971,11.0
1990,TOR,Toronto Blue Jays,17756834.0,86,76.0,False,False,Lahman (SABR) Salaries + Teams,yes,0.5308641975308642,1.0094394872406498,12.0
1990,DET,Detroit Tigers,17593238.0,79,83.0,False,False,Lahman (SABR) Salaries + Teams,yes,0.4876543209876543,1.0001393911562564,13.0
1990,SDN,San Diego Padres,17588334.0,75,87.0,False,False,Lahman (SABR) Salaries + Teams,yes,0.46296296296296297,0.9998606088437435,14.0
1990,MON,Montreal Expos,16586388.0,85,77.0,False,False,Lahman (SABR) Salaries + Teams,yes,0.5246913580246914,0.9429020397383039,15.0
1990,PIT,Pittsburgh Pirates,15556000.0,95,67.0,True,False,Lahman (SABR) Salaries + Teams,yes,0.5864197530864198,0.8843266014378209,16.0
1990,TEX,Texas Rangers,14874372.0,83,79.0,False,False,Lahman (SABR) Salaries + Teams,yes,0.5123456790123457,0.8455774517409285,17.0
1990,MIN,Minnesota Twins,14602000.0,74,88.0,False,False,Lahman (SABR) Salaries + Teams,yes,0.4567901234567901,0.8300936638078594,18.0
1990,ATL,Atlanta Braves,14555501.0,65,97.0,False,False,Lahman (SABR) Salaries + Teams,yes,0.4012345679012346,0.8274502913059144,19.0
1990,CLE,Cleveland Indians,14487000.0,77,85.0,False,False,Lahman (SABR) Salaries + Teams,yes,0.47530864197530864,0.8235561503618997,20.0
1990,CIN,Cincinnati Reds,14370000.0,91,71.0,True,True,Lahman (SABR) Salaries + Teams,yes,0.5617283950617284,0.8169049410299233,21.0
1990,CHN,Chicago Cubs,13624000.0,77,85.0,False,False,Lahman (SABR) Salaries + Teams,yes,0.47530864197530864,0.7744963755456976,22.0
1990,PHI,Philadelphia Phillies,13173667.0,77,85.0,False,False,Lahman (SABR) Salaries + Teams,yes,0.47530864197530864,0.7488958708269204,23.0
1990,SEA,Seattle Mariners,12553667.0,77,85.0,False,False,Lahman (SABR) Salaries + Teams,yes,0.47530864197530864,0.7136501461617463,24.0
1990,BAL,Baltimore Orioles,9680084.0,76,85.0,False,False,Lahman (SABR) Salaries + Teams,yes,0.4720496894409938,0.5502928635479961,25.0
1990,CHA,Chicago White Sox,9491500.0,94,68.0,False,False,Lahman (SABR) Salaries + Teams,yes,0.5802469135802469,0.5395722510637103,26.0
1991,OAK,Oakland Athletics,36999167.0,84,78.0,False,False,Lahman (SABR) Salaries + Teams,yes,0.5185185185185185,1.598541121246738,1.0
1991,BOS,Boston Red Sox,35167500.0,84,78.0,False,False,Lahman (SABR) Salaries + Teams,yes,0.5185185185185185,1.5194043390610568,2.0
1991,CAL,California Angels,33060001.0,81,81.0,False,False,Lahman (SABR) Salaries + Teams,yes,0.5,1.4283502941284674,3.0
1991,LAN,Los Angeles Dodgers,32790664.0,93,69.0,False,False,Lahman (SABR) Salaries + Teams,yes,0.5740740740740741,1.4167136464716907,4.0
1991,NYN,New York Mets,32590001.0,77,84.0,False,False,Lahman (SABR) Salaries + Teams,yes,0.4782608695652174,1.408044044342196,5.0
1991,SFN,San Francisco Giants,30967666.0,75,87.0,False,False,Lahman (SABR) Salaries + Teams,yes,0.46296296296296297,1.3379514065825993,6.0
1991,NYA,New York Yankees,27344168.0,71,91.0,False,False,Lahman (SABR) Salaries + Teams,yes,0.4382716049382716,1.1813989480973768,7.0
1991,KCA,Kansas City Royals,26319834.0,82,80.0,False,False,Lahman (SABR) Salaries + Teams,yes,0.5061728395061729,1.1371428160365886,8.0
1991,CIN,Cincinnati Reds,26305333.0,74,88.0,False,False,Lahman (SABR) Salaries + Teams,yes,0.4567901234567901,1.136516303423502,9.0
1991,DET,Detroit Tigers,23838333.0,84,78.0,False,False,Lahman (SABR) Salaries + Teams,yes,0.5185185185185185,1.029930094438967,10.0
1991,PIT,Pittsburgh Pirates,23634667.0,98,64.0,True,False,Lahman (SABR) Salaries + Teams,yes,0.6049382716049383,1.021130748334774,11.0
1991,MIN,Minnesota Twins,23361833.0,95,67.0,True,True,Lahman (SABR) Salaries + Teams,yes,0.5864197530864198,1.0093430135386303,12.0
1991,CHN,Chicago Cubs,23175667.0,77,83.0,False,False,Lahman (SABR) Salaries + Teams,yes,0.48125,1.001299751203075,13.0
1991,ML4,Milwaukee Brewers,23115500.0,83,79.0,False,False,Lahman (SABR) Salaries + Teams,yes,0.5123456790123457,0.9987002487969249,14.0
1991,PHI,Philadelphia Phillies,22487332.0,78,84.0,False,False,Lahman (SABR) Salaries + Teams,yes,0.48148148148148145,0.9715603842953452,15.0
1991,SDN,San Diego Padres,22150001.0,84,78.0,False,False,Lahman (SABR) Salaries + Teams,yes,0.5185185185185185,0.9569860703662969,16.0
1991,SLN,St. Louis Cardinals,21860001.0,84,78.0,False,False,Lahman (SABR) Salaries + Teams,yes,0.5185185185185185,0.9444566822002997,17.0
1991,TOR,Toronto Blue Jays,19902417.0,91,71.0,True,False,Lahman (SABR) Salaries + Teams,yes,0.5617283950617284,0.8598796828777291,18.0
1991,ATL,Atlanta Braves,18403500.0,94,68.0,True,False,Lahman (SABR) Salaries + Teams,yes,0.5802469135802469,0.7951192934928601,19.0
1991,TEX,Texas Rangers,18224500.0,85,77.0,False,False,Lahman (SABR) Salaries + Teams,yes,0.5246913580246914,0.7873856366593652,20.0
1991,CLE,Cleveland Indians,17635000.0,57,105.0,False,False,Lahman (SABR) Salaries + Teams,yes,0.35185185185185186,0.7619164148529676,21.0
1991,BAL,Baltimore Orioles,17519000.0,67,95.0,False,False,Lahman (SABR) Salaries + Teams,yes,0.41358024691358025,0.7569046595865686,22.0
1991,CHA,Chicago White Sox,16919667.0,87,75.0,False,False,Lahman (SABR) Salaries + Teams,yes,0.5370370370370371,0.7310106051117701,23.0
1991,SEA,Seattle Mariners,15691833.0,83,79.0,False,False,Lahman (SABR) Salaries + Teams,yes,0.5123456790123457,0.6779622989413941,24.0
1991,HOU,Houston Astros,12852500.0,65,97.0,False,False,Lahman (SABR) Salaries + Teams,yes,0.4012345679012346,0.555289522080962,25.0
1991,MON,Montreal Expos,10732333.0,71,90.0,False,False,Lahman (SABR) Salaries + Teams,yes,0.4409937888198758,0.4636881589094524,26.0
1992,TOR,Toronto Blue Jays,44788666.0,96,66.0,True,True,Lahman (SABR) Salaries + Teams,yes,0.5925925925925926,1.4642920170986278,1.0
1992,LAN,Los Angeles Dodgers,44788166.0,63,99.0,False,False,Lahman (SABR) Salaries + Teams,yes,0.3888888888888889,1.4642756704182298,2.0
1992,NYN,New York Mets,44602002.0,72,90.0,False,False,Lahman (SABR) Salaries + Teams,yes,0.4444444444444444,1.4581893435990487,3.0
1992,BOS,Boston Red Sox,43610584.0,73,89.0,False,False,Lahman (SABR) Salaries + Teams,yes,0.4506172839506173,1.4257765572256413,4.0
1992,OAK,Oakland Athletics,41035000.0,96,66.0,True,False,Lahman (SABR) Salaries + Teams,yes,0.5925925925925926,1.3415720602538639,5.0
1992,NYA,New York Yankees,37543334.0,76,86.0,False,False,Lahman (SABR) Salaries + Teams,yes,0.4691358024691358,1.2274177639375883,6.0
1992,CIN,Cincinnati Reds,35931499.0,90,72.0,False,False,Lahman (SABR) Salaries + Teams,yes,0.5555555555555556,1.1747214607393603,7.0
1992,CAL,California Angels,34749334.0,72,90.0,False,False,Lahman (SABR) Salaries + Teams,yes,0.4444444444444444,1.136072513874245,8.0
1992,ATL,Atlanta Braves,34625333.0,98,64.0,True,False,Lahman (SABR) Salaries + Teams,yes,0.6049382716049383,1.1320185044422104,9.0
1992,PIT,Pittsburgh Pirates,33944167.0,96,66.0,True,False,Lahman (SABR) Salaries + Teams,yes,0.5925925925925926,1.1097488986424082,10.0
1992,KCA,Kansas City Royals,33893834.0,72,90.0,False,False,Lahman (SABR) Salaries + Teams,yes,0.4444444444444444,1.1081033437134753,11.0
1992,SFN,San Francisco Giants,33163168.0,72,90.0,False,False,Lahman (SABR) Salaries + Teams,yes,0.4444444444444444,1.0842154165542832,12.0
1992,ML4,Milwaukee Brewers,31013667.0,92,70.0,False,False,Lahman (SABR) Salaries + Teams,yes,0.5679012345679012,1.013941004830444,13.0
1992,CHA,Chicago White Sox,30160833.0,86,76.0,False,False,Lahman (SABR) Salaries + Teams,yes,0.5308641975308642,0.986058995169556,14.0
1992,TEX,Texas Rangers,30128167.0,77,85.0,False,False,Lahman (SABR) Salaries + Teams,yes,0.47530864197530864,0.9849910338458018,15.0
1992,CHN,Chicago Cubs,29829686.0,78,84.0,False,False,Lahman (SABR) Salaries + Teams,yes,0.48148148148148145,0.9752326868221236,16.0
1992,MIN,Minnesota Twins,28027834.0,90,72.0,False,False,Lahman (SABR) Salaries + Teams,yes,0.5555555555555556,0.9163240892855683,17.0
1992,SLN,St. Louis Cardinals,27583836.0,83,79.0,False,False,Lahman (SABR) Salaries + Teams,yes,0.5123456790123457,0.901808302478974,18.0
1992,DET,Detroit Tigers,27322834.0,75,87.0,False,False,Lahman (SABR) Salaries + Teams,yes,0.46296296296296297,0.8932752699245601,19.0
1992,SDN,San Diego Padres,26854167.0,82,80.0,False,False,Lahman (SABR) Salaries + Teams,yes,0.5061728395061729,0.8779529706004953,20.0
1992,PHI,Philadelphia Phillies,24383834.0,70,92.0,False,False,Lahman (SABR) Salaries + Teams,yes,0.43209876543209874,0.797189482545832,21.0
1992,BAL,Baltimore Orioles,23780667.0,89,73.0,False,False,Lahman (SABR) Salaries + Teams,yes,0.5493827160493827,0.777469926194738,22.0
1992,SEA,Seattle Mariners,23179833.0,64,98.0,False,False,Lahman (SABR) Salaries + Teams,yes,0.3950617283950617,0.7578266434543806,23.0
1992,MON,Montreal Expos,15822334.0,87,75.0,False,False,Lahman (SABR) Salaries + Teams,yes,0.5370370370370371,0.5172852740929635,24.0
1992,HOU,Houston Astros,15407500.0,81,81.0,False,False,Lahman (SABR) Salaries + Teams,yes,0.5,0.5037229564606167,25.0
1992,CLE,Cleveland Indians,9373044.0,76,86.0,False,False,Lahman (SABR) Salaries + Teams,yes,0.4691358024691358,0.3064363092464998,26.0
1993,TOR,Toronto Blue Jays,47279166.0,95,67.0,True,True,Lahman (SABR) Salaries + Teams,yes,0.5864197530864198,1.3957704839906242,1.0
1993,CIN,Cincinnati Reds,44879666.0,73,89.0,False,False,Lahman (SABR) Salaries + Teams,yes,0.4506172839506173,1.3249327015234906,2.0
1993,NYA,New York Yankees,42974900.0,88,74.0,False,False,Lahman (SABR) Salaries + Teams,yes,0.5432098765432098,1.2687004033118663,3.0
1993,ATL,Atlanta Braves,41641417.0,104,58.0,True,False,Lahman (SABR) Salaries + Teams,yes,0.6419753086419753,1.2293334607498239,4.0
1993,KCA,Kansas City Royals,41346167.0,84,78.0,False,False,Lahman (SABR) Salaries + Teams,yes,0.5185185185185185,1.220617121815287,5.0
1993,CHA,Chicago White Sox,39696166.0,94,68.0,True,False,Lahman (SABR) Salaries + Teams,yes,0.5802469135802469,1.17190596869649,6.0
1993,CHN,Chicago Cubs,39386666.0,84,78.0,False,False,Lahman (SABR) Salaries + Teams,yes,0.5185185185185185,1.1627689427854346,7.0
1993,LAN,Los Angeles Dodgers,39331999.0,81,81.0,False,False,Lahman (SABR) Salaries + Teams,yes,0.5,1.1611550694559365,8.0
1993,NYN,New York Mets,39043667.0,59,103.0,False,False,Lahman (SABR) Salaries + Teams,yes,0.36419753086419754,1.1526429629777895,9.0
1993,DET,Detroit Tigers,38150165.0,85,77.0,False,False,Lahman (SABR) Salaries + Teams,yes,0.5246913580246914,1.1262650924589528,10.0
1993,OAK,Oakland Athletics,37812333.0,68,94.0,False,False,Lahman (SABR) Salaries + Teams,yes,0.41975308641975306,1.1162916522728987,11.0
1993,BOS,Boston Red Sox,37120583.0,80,82.0,False,False,Lahman (SABR) Salaries + Teams,yes,0.49382716049382713,1.0958698827285605,12.0
1993,TEX,Texas Rangers,36376959.0,86,76.0,False,False,Lahman (SABR) Salaries + Teams,yes,0.5308641975308642,1.0739166945021217,13.0
1993,SFN,San Francisco Giants,35050000.0,103,59.0,False,False,Lahman (SABR) Salaries + Teams,yes,0.6358024691358025,1.0347423527705921,14.0
1993,SEA,Seattle Mariners,32696333.0,82,80.0,False,False,Lahman (SABR) Salaries + Teams,yes,0.5061728395061729,0.965257647229408,15.0
1993,HOU,Houston Astros,30210500.0,85,77.0,False,False,Lahman (SABR) Salaries + Teams,yes,0.5246913580246914,0.8918711511662188,16.0
1993,BAL,Baltimore Orioles,29096500.0,85,77.0,False,False,Lahman (SABR) Salaries + Teams,yes,0.5246913580246914,0.8589837622650366,17.0
1993,CAL,California Angels,28588334.0,71,91.0,False,False,Lahman (SABR) Salaries + Teams,yes,0.4382716049382716,0.8439817399415552,18.0
1993,PHI,Philadelphia Phillies,28538334.0,97,65.0,True,False,Lahman (SABR) Salaries + Teams,yes,0.5987654320987654,0.8425056452871036,19.0
1993,MIN,Minnesota Twins,28217933.0,71,91.0,False,False,Lahman (SABR) Salaries + Teams,yes,0.4382716049382716,0.8330468012194845,20.0
1993,SDN,San Diego Padres,25511333.0,61,101.0,False,False,Lahman (SABR) Salaries + Teams,yes,0.3765432098765432,0.7531428453847089,21.0
1993,PIT,Pittsburgh Pirates,24822467.0,75,87.0,False,False,Lahman (SABR) Salaries + Teams,yes,0.46296296296296297,0.7328062169800393,22.0
1993,ML4,Milwaukee Brewers,23806834.0,69,93.0,False,False,Lahman (SABR) Salaries + Teams,yes,0.42592592592592593,0.7028228081363459,23.0
1993,SLN,St. Louis Cardinals,23367334.0,87,75.0,False,False,Lahman (SABR) Salaries + Teams,yes,0.5370370370370371,0.6898479361237161,24.0
1993,FLO,Florida Marlins,19330545.0,64,98.0,False,False,Lahman (SABR) Salaries + Teams,yes,0.3950617283950617,0.5706742828427334,25.0
1993,MON,Montreal Expos,18899333.0,94,68.0,False,False,Lahman (SABR) Salaries + Teams,yes,0.5802469135802469,0.5579440882800254,26.0
1993,CLE,Cleveland Indians,18561000.0,76,86.0,False,False,Lahman (SABR) Salaries + Teams,yes,0.4691358024691358,0.5479558576255338,27.0
1993,COL,Colorado Rockies,10353500.0,67,95.0,False,False,Lahman (SABR) Salaries + Teams,yes,0.41358024691358025,0.30565492009729883,28.0
1994,ATL,Atlanta Braves,49383513.0,68,46.0,False,False,Lahman (SABR) Salaries + Teams,yes,0.5964912280701754,1.4942152521746843,1.0
1994,NYA,New York Yankees,45731334.0,70,43.0,False,False,Lahman (SABR) Salaries + Teams,yes,0.6194690265486725,1.3837099188365702,2.0
1994,TOR,Toronto Blue Jays,43433668.0,55,60.0,False,False,Lahman (SABR) Salaries + Teams,yes,0.4782608695652174,1.3141885872617347,3.0
1994,SFN,San Francisco Giants,42638666.0,55,60.0,False,False,Lahman (SABR) Salaries + Teams,yes,0.4782608695652174,1.2901339171553496,4.0
1994,DET,Detroit Tigers,41446501.0,53,62.0,False,False,Lahman (SABR) Salaries + Teams,yes,0.4608695652173913,1.25406213898702,5.0
1994,CIN,Cincinnati Reds,40961833.0,66,48.0,False,False,Lahman (SABR) Salaries + Teams,yes,0.5789473684210527,1.2393973597146137,6.0
1994,KCA,Kansas City Royals,40541334.0,64,51.0,False,False,Lahman (SABR) Salaries + Teams,yes,0.5565217391304348,1.226674165653385,7.0
1994,CHA,Chicago White Sox,39183836.0,67,46.0,False,False,Lahman (SABR) Salaries + Teams,yes,0.5929203539823009,1.1855998456389985,8.0
1994,BAL,Baltimore Orioles,38849769.0,63,49.0,False,False,Lahman (SABR) Salaries + Teams,yes,0.5625,1.175491856629625,9.0
1994,LAN,Los Angeles Dodgers,38000001.0,58,56.0,False,False,Lahman (SABR) Salaries + Teams,yes,0.5087719298245614,1.149780111367396,10.0
1994,BOS,Boston Red Sox,37859084.0,54,61.0,False,False,Lahman (SABR) Salaries + Teams,yes,0.46956521739130436,1.145516333480823,11.0
1994,CHN,Chicago Cubs,36287333.0,49,64.0,False,False,Lahman (SABR) Salaries + Teams,yes,0.4336283185840708,1.0979592810528027,12.0
1994,OAK,Oakland Athletics,34172500.0,51,63.0,False,False,Lahman (SABR) Salaries + Teams,yes,0.4473684210526316,1.033969995308746,13.0
1994,HOU,Houston Astros,33126000.0,66,49.0,False,False,Lahman (SABR) Salaries + Teams,yes,0.5739130434782609,1.002305657022387,14.0
1994,TEX,Texas Rangers,32973597.0,52,62.0,False,False,Lahman (SABR) Salaries + Teams,yes,0.45614035087719296,0.9976943429776131,15.0
1994,PHI,Philadelphia Phillies,31599000.0,54,61.0,False,False,Lahman (SABR) Salaries + Teams,yes,0.46956521739130436,0.9561026521840973,16.0
1994,NYN,New York Mets,30956583.0,55,58.0,False,False,Lahman (SABR) Salaries + Teams,yes,0.48672566371681414,0.9366648029639273,17.0
1994,CLE,Cleveland Indians,30490500.0,66,47.0,False,False,Lahman (SABR) Salaries + Teams,yes,0.584070796460177,0.9225623569232956,18.0
1994,SLN,St. Louis Cardinals,29275601.0,53,61.0,False,False,Lahman (SABR) Salaries + Teams,yes,0.4649122807017544,0.8858027076927565,19.0
1994,SEA,Seattle Mariners,29228500.0,49,63.0,False,False,Lahman (SABR) Salaries + Teams,yes,0.4375,0.8843775552822205,20.0
1994,MIN,Minnesota Twins,28438500.0,53,60.0,False,False,Lahman (SABR) Salaries + Teams,yes,0.4690265486725664,0.8604742325433542,21.0
1994,CAL,California Angels,25156218.0,47,68.0,False,False,Lahman (SABR) Salaries + Teams,yes,0.40869565217391307,0.761161009801618,22.0
1994,ML4,Milwaukee Brewers,24350500.0,53,62.0,False,False,Lahman (SABR) Salaries + Teams,yes,0.4608695652173913,0.7367821017123599,23.0
1994,PIT,Pittsburgh Pirates,24217250.0,53,61.0,False,False,Lahman (SABR) Salaries + Teams,yes,0.4649122807017544,0.732750307085836,24.0
1994,COL,Colorado Rockies,23887333.0,53,64.0,False,False,Lahman (SABR) Salaries + Teams,yes,0.452991452991453,0.7227678861642681,25.0
1994,FLO,Florida Marlins,21633000.0,51,64.0,False,False,Lahman (SABR) Salaries + Teams,yes,0.4434782608695652,0.6545576972277153,26.0
1994,MON,Montreal Expos,19098000.0,74,40.0,False,False,Lahman (SABR) Salaries + Teams,yes,0.6491228070175439,0.5778552628694544,27.0
1994,SDN,San Diego Padres,14916333.0,47,70.0,False,False,Lahman (SABR) Salaries + Teams,yes,0.4017094017094017,0.45132901491063554,28.0
1995,TOR,Toronto Blue Jays,50590000.0,56,88.0,False,False,Lahman (SABR) Salaries + Teams,yes,0.3888888888888889,1.4716815838423964,1.0
1995,NYA,New York Yankees,48874851.0,79,65.0,True,False,Lahman (SABR) Salaries + Teams,yes,0.5486111111111112,1.4217872727760652,2.0
1995,ATL,Atlanta Braves,47235445.0,90,54.0,True,True,Lahman (SABR) Salaries + Teams,yes,0.625,1.3740963532536155,3.0
1995,CHA,Chicago White Sox,46961282.0,68,76.0,False,False,Lahman (SABR) Salaries + Teams,yes,0.4722222222222222,1.3661208514139045,4.0
1995,BAL,Baltimore Orioles,43942521.0,71,73.0,False,False,Lahman (SABR) Salaries + Teams,yes,0.4930555555555556,1.2783039909726779,5.0
1995,CIN,Cincinnati Reds,43144670.0,85,59.0,True,False,Lahman (SABR) Salaries + Teams,yes,0.5902777777777778,1.2550942138754206,6.0
1995,LAN,Los Angeles Dodgers,39273201.0,78,66.0,True,False,Lahman (SABR) Salaries + Teams,yes,0.5416666666666666,1.1424717661640797,7.0
1995,CLE,Cleveland Indians,37937835.0,100,44.0,True,False,Lahman (SABR) Salaries + Teams,yes,0.6944444444444444,1.1036254813273672,8.0
1995,OAK,Oakland Athletics,37739225.0,67,77.0,False,False,Lahman (SABR) Salaries + Teams,yes,0.4652777777777778,1.0978478438621184,9.0
1995,SLN,St. Louis Cardinals,37101000.0,62,81.0,False,False,Lahman (SABR) Salaries + Teams,yes,0.43356643356643354,1.0792816454267,10.0
1995,DET,Detroit Tigers,37044168.0,60,84.0,False,False,Lahman (SABR) Salaries + Teams,yes,0.4166666666666667,1.077628381782246,11.0
1995,SEA,Seattle Mariners,36481311.0,79,66.0,True,False,Lahman (SABR) Salaries + Teams,yes,0.5448275862068965,1.0612546660036972,12.0
1995,SFN,San Francisco Giants,36462777.0,67,77.0,False,False,Lahman (SABR) Salaries + Teams,yes,0.4652777777777778,1.0607155051720125,13.0
1995,TEX,Texas Rangers,34581451.0,74,70.0,False,False,Lahman (SABR) Salaries + Teams,yes,0.5138888888888888,1.0059870444603327,14.0
1995,HOU,Houston Astros,34169834.0,76,68.0,False,False,Lahman (SABR) Salaries + Teams,yes,0.5277777777777778,0.9940129555396674,15.0
1995,COL,Colorado Rockies,34154717.0,77,67.0,True,False,Lahman (SABR) Salaries + Teams,yes,0.5347222222222222,0.9935731964864366,16.0
1995,BOS,Boston Red Sox,32455518.0,86,58.0,True,False,Lahman (SABR) Salaries + Teams,yes,0.5972222222222222,0.9441428767476855,17.0
1995,CAL,California Angels,31223171.0,78,67.0,False,False,Lahman (SABR) Salaries + Teams,yes,0.5379310344827586,0.908293452260565,18.0
1995,PHI,Philadelphia Phillies,30555945.0,69,75.0,False,False,Lahman (SABR) Salaries + Teams,yes,0.4791666666666667,0.8888836041391808,19.0
1995,KCA,Kansas City Royals,29532834.0,70,74.0,False,False,Lahman (SABR) Salaries + Teams,yes,0.4861111111111111,0.8591209313396834,20.0
1995,CHN,Chicago Cubs,29505834.0,73,71.0,False,False,Lahman (SABR) Salaries + Teams,yes,0.5069444444444444,0.8583354914748139,21.0
1995,NYN,New York Mets,27674992.0,69,75.0,False,False,Lahman (SABR) Salaries + Teams,yes,0.4791666666666667,0.8050756287682478,22.0
1995,SDN,San Diego Padres,26382334.0,70,74.0,False,False,Lahman (SABR) Salaries + Teams,yes,0.4861111111111111,0.7674717352555664,23.0
1995,MIN,Minnesota Twins,25410500.0,56,88.0,False,False,Lahman (SABR) Salaries + Teams,yes,0.3888888888888889,0.7392007291209175,24.0
1995,FLO,Florida Marlins,24515781.0,67,76.0,False,False,Lahman (SABR) Salaries + Teams,yes,0.46853146853146854,0.7131730265114318,25.0
1995,PIT,Pittsburgh Pirates,18355345.0,58,86.0,False,False,Lahman (SABR) Salaries + Teams,yes,0.4027777777777778,0.5339636924604391,26.0
1995,ML4,Milwaukee Brewers,17798825.0,65,79.0,False,False,Lahman (SABR) Salaries + Teams,yes,0.4513888888888889,0.5177743223272118,27.0
1995,MON,Montreal Expos,12364000.0,66,78.0,False,False,Lahman (SABR) Salaries + Teams,yes,0.4583333333333333,0.3596732773794701,28.0
1996,BAL,Baltimore Orioles,54490315.0,88,74.0,True,False,Lahman (SABR) Salaries + Teams,yes,0.5432098765432098,1.61703125579601,1.0
1996,NYA,New York Yankees,54191792.0,92,70.0,True,True,Lahman (SABR) Salaries + Teams,yes,0.5679012345679012,1.608172415072223,2.0
1996,ATL,Atlanta Braves,49698500.0,96,66.0,True,False,Lahman (SABR) Salaries + Teams,yes,0.5925925925925926,1.4748314056576477,3.0
1996,CLE,Cleveland Indians,48107360.0,99,62.0,True,False,Lahman (SABR) Salaries + Teams,yes,0.6149068322981367,1.427613416326016,4.0
1996,CHA,Chicago White Sox,45139500.0,85,77.0,False,False,Lahman (SABR) Salaries + Teams,yes,0.5246913580246914,1.339540473770504,5.0
1996,CIN,Cincinnati Reds,42526334.0,81,81.0,False,False,Lahman (SABR) Salaries + Teams,yes,0.5,1.2619932784829848,6.0
1996,BOS,Boston Red Sox,42393500.0,85,77.0,False,False,Lahman (SABR) Salaries + Teams,yes,0.5246913580246914,1.2580513535770192,7.0
1996,SEA,Seattle Mariners,41328501.0,85,76.0,False,False,Lahman (SABR) Salaries + Teams,yes,0.5279503105590062,1.2264468992736903,8.0
1996,SLN,St. Louis Cardinals,40269667.0,88,74.0,True,False,Lahman (SABR) Salaries + Teams,yes,0.5432098765432098,1.1950253948705774,9.0
1996,COL,Colorado Rockies,40179823.0,83,79.0,False,False,Lahman (SABR) Salaries + Teams,yes,0.5123456790123457,1.1923592227967743,10.0
1996,TEX,Texas Rangers,39041528.0,90,72.0,True,False,Lahman (SABR) Salaries + Teams,yes,0.5555555555555556,1.1585796677819735,11.0
1996,SFN,San Francisco Giants,37144725.0,68,94.0,False,False,Lahman (SABR) Salaries + Teams,yes,0.41975308641975306,1.1022909541438226,12.0
1996,LAN,Los Angeles Dodgers,35355000.0,90,72.0,True,False,Lahman (SABR) Salaries + Teams,yes,0.5555555555555556,1.0491798413840687,13.0
1996,PHI,Philadelphia Phillies,34314500.0,67,95.0,False,False,Lahman (SABR) Salaries + Teams,yes,0.41358024691358025,1.0183024089145418,14.0
1996,CHN,Chicago Cubs,33081000.0,76,86.0,False,False,Lahman (SABR) Salaries + Teams,yes,0.4691358024691358,0.9816975910854582,15.0
1996,FLO,Florida Marlins,31022500.0,80,82.0,False,False,Lahman (SABR) Salaries + Teams,yes,0.49382716049382713,0.9206104265121559,16.0
1996,TOR,Toronto Blue Jays,29555083.0,74,88.0,False,False,Lahman (SABR) Salaries + Teams,yes,0.4567901234567901,0.8770639879517178,17.0
1996,CAL,California Angels,28738000.0,70,91.0,False,False,Lahman (SABR) Salaries + Teams,yes,0.43478260869565216,0.8528165827095281,18.0
1996,HOU,Houston Astros,28487000.0,82,80.0,False,False,Lahman (SABR) Salaries + Teams,yes,0.5061728395061729,0.8453680141849234,19.0
1996,SDN,San Diego Padres,28348172.0,91,71.0,True,False,Lahman (SABR) Salaries + Teams,yes,0.5617283950617284,0.8412482139015216,20.0
1996,NYN,New York Mets,24479500.0,71,91.0,False,False,Lahman (SABR) Salaries + Teams,yes,0.4382716049382716,0.7264431601516421,21.0
1996,DET,Detroit Tigers,23438000.0,53,109.0,False,False,Lahman (SABR) Salaries + Teams,yes,0.3271604938271605,0.6955360521103041,22.0
1996,MIN,Minnesota Twins,23117000.0,78,84.0,False,False,Lahman (SABR) Salaries + Teams,yes,0.48148148148148145,0.6860101935589171,23.0
1996,PIT,Pittsburgh Pirates,23017500.0,73,89.0,False,False,Lahman (SABR) Salaries + Teams,yes,0.4506172839506173,0.6830574741637053,24.0
1996,ML4,Milwaukee Brewers,21730000.0,80,82.0,False,False,Lahman (SABR) Salaries + Teams,yes,0.49382716049382713,0.6448501754568183,25.0
1996,OAK,Oakland Athletics,21243000.0,78,84.0,False,False,Lahman (SABR) Salaries + Teams,yes,0.48148148148148145,0.6303981719847764,26.0
1996,KCA,Kansas City Royals,20281250.0,75,86.0,False,False,Lahman (SABR) Salaries + Teams,yes,0.4658385093167702,0.6018576907953795,27.0
1996,MON,Montreal Expos,16264500.0,88,74.0,False,False,Lahman (SABR) Salaries + Teams,yes,0.5432098765432098,0.482658337722845,28.0
1997,NYA,New York Yankees,62241545.0,96,66.0,True,False,Lahman (SABR) Salaries + Teams,yes,0.5925925925925926,1.4873243515095835,1.0
1997,BAL,Baltimore Orioles,58516400.0,98,64.0,True,False,Lahman (SABR) Salaries + Teams,yes,0.6049382716049383,1.3983082631171093,2.0
1997,CHA,Chicago White Sox,57740000.0,80,81.0,False,False,Lahman (SABR) Salaries + Teams,yes,0.4968944099378882,1.3797554038249429,3.0
1997,CLE,Cleveland Indians,56802460.0,86,75.0,True,False,Lahman (SABR) Salaries + Teams,yes,0.5341614906832298,1.357351942077419,4.0
1997,TEX,Texas Rangers,53448838.0,77,85.0,False,False,Lahman (SABR) Salaries + Teams,yes,0.47530864197530864,1.2772137696339445,5.0
1997,ATL,Atlanta Braves,52278500.0,101,61.0,True,False,Lahman (SABR) Salaries + Teams,yes,0.6234567901234568,1.2492473654115392,6.0
1997,CIN,Cincinnati Reds,49768000.0,76,86.0,False,False,Lahman (SABR) Salaries + Teams,yes,0.4691358024691358,1.1892564415926525,7.0
1997,FLO,Florida Marlins,48692500.0,92,70.0,True,True,Lahman (SABR) Salaries + Teams,yes,0.5679012345679012,1.1635562868158302,8.0
1997,TOR,Toronto Blue Jays,47079833.0,76,86.0,False,False,Lahman (SABR) Salaries + Teams,yes,0.4691358024691358,1.12501998602227,9.0
1997,SLN,St. Louis Cardinals,45456667.0,73,89.0,False,False,Lahman (SABR) Salaries + Teams,yes,0.4506172839506173,1.086232801058555,10.0
1997,LAN,Los Angeles Dodgers,45380304.0,88,74.0,False,False,Lahman (SABR) Salaries + Teams,yes,0.5432098765432098,1.0844080303293846,11.0
1997,COL,Colorado Rockies,43559667.0,83,79.0,False,False,Lahman (SABR) Salaries + Teams,yes,0.5123456790123457,1.040902077105387,12.0
1997,BOS,Boston Red Sox,43558750.0,78,84.0,False,False,Lahman (SABR) Salaries + Teams,yes,0.48148148148148145,1.040880164467609,13.0
1997,CHN,Chicago Cubs,42155333.0,68,94.0,False,False,Lahman (SABR) Salaries + Teams,yes,0.41975308641975306,1.0073441029925518,14.0
1997,SEA,Seattle Mariners,41540661.0,90,72.0,True,False,Lahman (SABR) Salaries + Teams,yes,0.5555555555555556,0.9926558970074482,15.0
1997,NYN,New York Mets,39800400.0,88,74.0,False,False,Lahman (SABR) Salaries + Teams,yes,0.5432098765432098,0.9510706091859068,16.0
1997,SDN,San Diego Padres,37363672.0,76,86.0,False,False,Lahman (SABR) Salaries + Teams,yes,0.4691358024691358,0.8928425415438641,17.0
1997,PHI,Philadelphia Phillies,36656500.0,68,94.0,False,False,Lahman (SABR) Salaries + Teams,yes,0.41975308641975306,0.8759439549759096,18.0
1997,SFN,San Francisco Giants,35592378.0,90,72.0,True,False,Lahman (SABR) Salaries + Teams,yes,0.5555555555555556,0.8505156889587809,19.0
1997,HOU,Houston Astros,34777500.0,84,78.0,True,False,Lahman (SABR) Salaries + Teams,yes,0.5185185185185185,0.8310433591361612,20.0
1997,KCA,Kansas City Royals,34655000.0,67,94.0,False,False,Lahman (SABR) Salaries + Teams,yes,0.4161490683229814,0.8281160983642778,21.0
1997,MIN,Minnesota Twins,34072500.0,68,94.0,False,False,Lahman (SABR) Salaries + Teams,yes,0.41975308641975306,0.8141966746938928,22.0
1997,ANA,Anaheim Angels,31135472.0,84,78.0,False,False,Lahman (SABR) Salaries + Teams,yes,0.5185185185185185,0.7440134350994146,23.0
1997,OAK,Oakland Athletics,24018500.0,65,97.0,False,False,Lahman (SABR) Salaries + Teams,yes,0.4012345679012346,0.5739462273427328,24.0
1997,ML4,Milwaukee Brewers,23655338.0,78,83.0,False,False,Lahman (SABR) Salaries + Teams,yes,0.484472049689441,0.5652681059024163,25.0
1997,MON,Montreal Expos,19295500.0,78,84.0,False,False,Lahman (SABR) Salaries + Teams,yes,0.48148148148148145,0.4610853895826842,26.0
1997,DET,Detroit Tigers,17272000.0,79,83.0,False,False,Lahman (SABR) Salaries + Teams,yes,0.4876543209876543,0.4127318208324284,27.0
1997,PIT,Pittsburgh Pirates,10771667.0,79,83.0,False,False,Lahman (SABR) Salaries + Teams,yes,0.4876543209876543,0.2573998225052444,28.0
1998,BAL,Baltimore Orioles,72355634.0,79,83.0,False,False,Lahman (SABR) Salaries + Teams,yes,0.4876543209876543,1.7036914388130309,1.0
1998,NYA,New York Yankees,66806867.0,114,48.0,True,True,Lahman (SABR) Salaries + Teams,yes,0.7037037037037037,1.5730397353967045,2.0
1998,ATL,Atlanta Braves,61186000.0,106,56.0,True,False,Lahman (SABR) Salaries + Teams,yes,0.654320987654321,1.4406903597197989,3.0
1998,CLE,Cleveland Indians,60800166.0,89,73.0,True,False,Lahman (SABR) Salaries + Teams,yes,0.5493827160493827,1.4316054820639277,4.0
1998,BOS,Boston Red Sox,56757000.0,92,70.0,True,False,Lahman (SABR) Salaries + Teams,yes,0.5679012345679012,1.3364047779985067,5.0
1998,TEX,Texas Rangers,56572095.0,88,74.0,True,False,Lahman (SABR) Salaries + Teams,yes,0.5432098765432098,1.332050990351594,6.0
1998,SLN,St. Louis Cardinals,54672521.0,83,79.0,False,False,Lahman (SABR) Salaries + Teams,yes,0.5123456790123457,1.2873234718118238,7.0
1998,SEA,Seattle Mariners,54087036.0,76,85.0,False,False,Lahman (SABR) Salaries + Teams,yes,0.4720496894409938,1.2735375960353301,8.0
1998,NYN,New York Mets,52077999.0,88,74.0,False,False,Lahman (SABR) Salaries + Teams,yes,0.5432098765432098,1.2262326531036074,9.0
1998,TOR,Toronto Blue Jays,51376000.0,88,74.0,False,False,Lahman (SABR) Salaries + Teams,yes,0.5432098765432098,1.2097033295355863,10.0
1998,CHN,Chicago Cubs,50838000.0,90,73.0,True,False,Lahman (SABR) Salaries + Teams,yes,0.5521472392638037,1.1970355392971452,11.0
1998,COL,Colorado Rockies,50484648.0,77,85.0,False,False,Lahman (SABR) Salaries + Teams,yes,0.47530864197530864,1.1887154853634396,12.0
1998,LAN,Los Angeles Dodgers,48820000.0,83,79.0,False,False,Lahman (SABR) Salaries + Teams,yes,0.5123456790123457,1.1495195528637365,13.0
1998,SDN,San Diego Padres,46861500.0,98,64.0,True,False,Lahman (SABR) Salaries + Teams,yes,0.6049382716049383,1.1034045581016794,14.0
1998,SFN,San Francisco Giants,42565834.0,89,74.0,False,False,Lahman (SABR) Salaries + Teams,yes,0.5460122699386503,1.0022584692124545,15.0
1998,HOU,Houston Astros,42374000.0,102,60.0,True,False,Lahman (SABR) Salaries + Teams,yes,0.6296296296296297,0.9977415307875455,16.0
1998,FLO,Florida Marlins,41322667.0,54,108.0,False,False,Lahman (SABR) Salaries + Teams,yes,0.3333333333333333,0.9729867614292724,17.0
1998,ANA,Anaheim Angels,41281000.0,85,77.0,False,False,Lahman (SABR) Salaries + Teams,yes,0.5246913580246914,0.9720056669759914,18.0
1998,CHA,Chicago White Sox,38335000.0,80,82.0,False,False,Lahman (SABR) Salaries + Teams,yes,0.49382716049382713,0.9026389196851974,19.0
1998,KCA,Kansas City Royals,36862500.0,72,89.0,False,False,Lahman (SABR) Salaries + Teams,yes,0.4472049689440994,0.8679673190790554,20.0
1998,PHI,Philadelphia Phillies,36297500.0,75,87.0,False,False,Lahman (SABR) Salaries + Teams,yes,0.46296296296296297,0.8546637847208414,21.0
1998,MIL,Milwaukee Brewers,33914904.0,74,88.0,False,False,Lahman (SABR) Salaries + Teams,yes,0.4567901234567901,0.7985629922469591,22.0
1998,ARI,Arizona Diamondbacks,32347000.0,65,97.0,False,False,Lahman (SABR) Salaries + Teams,yes,0.4012345679012346,0.7616450015666383,23.0
1998,MIN,Minnesota Twins,27927500.0,70,92.0,False,False,Lahman (SABR) Salaries + Teams,yes,0.43209876543209874,0.6575831075911921,24.0
1998,TBA,Tampa Bay Devil Rays,27280000.0,63,99.0,False,False,Lahman (SABR) Salaries + Teams,yes,0.3888888888888889,0.6423370217558937,25.0
1998,DET,Detroit Tigers,24065000.0,65,97.0,False,False,Lahman (SABR) Salaries + Teams,yes,0.4012345679012346,0.5666363793458791,26.0
1998,CIN,Cincinnati Reds,23005000.0,77,85.0,False,False,Lahman (SABR) Salaries + Teams,yes,0.47530864197530864,0.5416775361251589,27.0
1998,OAK,Oakland Athletics,21303000.0,74,88.0,False,False,Lahman (SABR) Salaries + Teams,yes,0.4567901234567901,0.5016021105009458,28.0
1998,PIT,Pittsburgh Pirates,15065000.0,69,93.0,False,False,Lahman (SABR) Salaries + Teams,yes,0.42592592592592593,0.35472167275485844,29.0
1998,MON,Montreal Expos,10641500.0,65,97.0,False,False,Lahman (SABR) Salaries + Teams,yes,0.4012345679012346,0.2505655944653718,30.0
1999,NYA,New York Yankees,86734359.0,98,64.0,True,True,Lahman (SABR) Salaries + Teams,yes,0.6049382716049383,1.7425920305243865,1.0
1999,LAN,Los Angeles Dodgers,80862453.0,77,85.0,False,False,Lahman (SABR) Salaries + Teams,yes,0.47530864197530864,1.6246187530647775,2.0
1999,BAL,Baltimore Orioles,80605863.0,78,84.0,False,False,Lahman (SABR) Salaries + Teams,yes,0.48148148148148145,1.619463567804087,3.0
1999,TEX,Texas Rangers,76709931.0,95,67.0,True,False,Lahman (SABR) Salaries + Teams,yes,0.5864197530864198,1.5411898579048193,4.0
1999,ATL,Atlanta Braves,73140000.0,103,59.0,True,False,Lahman (SABR) Salaries + Teams,yes,0.6358024691358025,1.4694658792895863,5.0
1999,CLE,Cleveland Indians,72978462.0,97,65.0,True,False,Lahman (SABR) Salaries + Teams,yes,0.5987654320987654,1.4662203969378131,6.0
1999,ARI,Arizona Diamondbacks,68703999.0,100,62.0,True,False,Lahman (SABR) Salaries + Teams,yes,0.6172839506172839,1.380341568242355,7.0
1999,NYN,New York Mets,65092092.0,97,66.0,True,False,Lahman (SABR) Salaries + Teams,yes,0.5950920245398773,1.3077742439920514,8.0
1999,BOS,Boston Red Sox,63497500.0,94,68.0,True,False,Lahman (SABR) Salaries + Teams,yes,0.5802469135802469,1.2757370750641304,9.0
1999,CHN,Chicago Cubs,62343000.0,67,95.0,False,False,Lahman (SABR) Salaries + Teams,yes,0.41358024691358025,1.2525418555175099,10.0
1999,COL,Colorado Rockies,61935837.0,72,90.0,False,False,Lahman (SABR) Salaries + Teams,yes,0.4444444444444444,1.2443614872401079,11.0
1999,ANA,Anaheim Angels,55388166.0,70,92.0,False,False,Lahman (SABR) Salaries + Teams,yes,0.43209876543209874,1.1128113214852005,12.0
1999,HOU,Houston Astros,54914000.0,97,65.0,True,False,Lahman (SABR) Salaries + Teams,yes,0.5987654320987654,1.103284786646272,13.0
1999,SEA,Seattle Mariners,54125003.0,79,83.0,False,False,Lahman (SABR) Salaries + Teams,yes,0.4876543209876543,1.0874329385417896,14.0
1999,SLN,St. Louis Cardinals,49778195.0,75,86.0,False,False,Lahman (SABR) Salaries + Teams,yes,0.4658385093167702,1.0001006164222517,15.0
1999,SDN,San Diego Padres,49768179.0,74,88.0,False,False,Lahman (SABR) Salaries + Teams,yes,0.4567901234567901,0.9998993835777484,16.0
1999,SFN,San Francisco Giants,46595057.0,86,76.0,False,False,Lahman (SABR) Salaries + Teams,yes,0.5308641975308642,0.9361477495905577,17.0
1999,TOR,Toronto Blue Jays,45444333.0,84,78.0,False,False,Lahman (SABR) Salaries + Teams,yes,0.5185185185185185,0.9130283941833984,18.0
1999,MIL,Milwaukee Brewers,43377395.0,74,87.0,False,False,Lahman (SABR) Salaries + Teams,yes,0.45962732919254656,0.8715012562888529,19.0
1999,TBA,Tampa Bay Devil Rays,38870000.0,69,93.0,False,False,Lahman (SABR) Salaries + Teams,yes,0.42592592592592593,0.7809425584903775,20.0
1999,DET,Detroit Tigers,36489666.0,69,92.0,False,False,Lahman (SABR) Salaries + Teams,yes,0.42857142857142855,0.7331189381142099,21.0
1999,CIN,Cincinnati Reds,33962761.0,96,67.0,False,False,Lahman (SABR) Salaries + Teams,yes,0.588957055214724,0.6823505394581223,22.0
1999,PHI,Philadelphia Phillies,31692500.0,77,85.0,False,False,Lahman (SABR) Salaries + Teams,yes,0.47530864197530864,0.6367384109842112,23.0
1999,KCA,Kansas City Royals,26225000.0,64,97.0,False,False,Lahman (SABR) Salaries + Teams,yes,0.39751552795031053,0.5268901105328055,24.0
1999,CHA,Chicago White Sox,25620000.0,75,86.0,False,False,Lahman (SABR) Salaries + Teams,yes,0.4658385093167702,0.514734971662554,25.0
1999,PIT,Pittsburgh Pirates,24917666.0,78,83.0,False,False,Lahman (SABR) Salaries + Teams,yes,0.484472049689441,0.5006242819050345,26.0
1999,OAK,Oakland Athletics,24431833.0,87,75.0,False,False,Lahman (SABR) Salaries + Teams,yes,0.5370370370370371,0.4908633437517272,27.0
1999,MIN,Minnesota Twins,21257500.0,63,97.0,False,False,Lahman (SABR) Salaries + Teams,yes,0.39375,0.42708737939565733,28.0
1999,FLO,Florida Marlins,21085000.0,64,98.0,False,False,Lahman (SABR) Salaries + Teams,yes,0.3950617283950617,0.4236216579822385,29.0
1999,MON,Montreal Expos,17903000.0,68,94.0,False,False,Lahman (SABR) Salaries + Teams,yes,0.41975308641975306,0.35969165486630383,30.0
2000,NYA,New York Yankees,92338260.0,87,74.0,True,True,Lahman (SABR) Salaries + Teams,yes,0.5403726708074534,1.6330602132796666,1.0
2000,LAN,Los Angeles Dodgers,87924286.0,86,76.0,False,False,Lahman (SABR) Salaries + Teams,yes,0.5308641975308642,1.5549963064890155,2.0
2000,ATL,Atlanta Braves,84537836.0,95,67.0,True,False,Lahman (SABR) Salaries + Teams,yes,0.5864197530864198,1.4951048080000802,3.0
2000,BAL,Baltimore Orioles,81447435.0,74,88.0,False,False,Lahman (SABR) Salaries + Teams,yes,0.4567901234567901,1.440449122305118,4.0
2000,ARI,Arizona Diamondbacks,81027833.0,85,77.0,False,False,Lahman (SABR) Salaries + Teams,yes,0.5246913580246914,1.4330281969854015,5.0
2000,NYN,New York Mets,79509776.0,94,68.0,True,False,Lahman (SABR) Salaries + Teams,yes,0.5802469135802469,1.4061804040099795,6.0
2000,BOS,Boston Red Sox,77940333.0,85,77.0,False,False,Lahman (SABR) Salaries + Teams,yes,0.5246913580246914,1.378423817300307,7.0
2000,CLE,Cleveland Indians,75880771.0,90,72.0,False,False,Lahman (SABR) Salaries + Teams,yes,0.5555555555555556,1.341999167767354,8.0
2000,TEX,Texas Rangers,70795921.0,71,91.0,False,False,Lahman (SABR) Salaries + Teams,yes,0.4382716049382716,1.2520703969036284,9.0
2000,TBA,Tampa Bay Devil Rays,62765129.0,69,92.0,False,False,Lahman (SABR) Salaries + Teams,yes,0.42857142857142855,1.1100407886315573,10.0
2000,SLN,St. Louis Cardinals,61453863.0,95,67.0,True,False,Lahman (SABR) Salaries + Teams,yes,0.5864197530864198,1.0868502245725598,11.0
2000,COL,Colorado Rockies,61111190.0,82,80.0,False,False,Lahman (SABR) Salaries + Teams,yes,0.5061728395061729,1.0807898370098616,12.0
2000,CHN,Chicago Cubs,60539333.0,65,97.0,False,False,Lahman (SABR) Salaries + Teams,yes,0.4012345679012346,1.0706761862394718,13.0
2000,SEA,Seattle Mariners,58915000.0,91,71.0,True,False,Lahman (SABR) Salaries + Teams,yes,0.5617283950617284,1.0419488353513653,14.0
2000,DET,Detroit Tigers,58265167.0,79,83.0,False,False,Lahman (SABR) Salaries + Teams,yes,0.4876543209876543,1.0304561299703439,15.0
2000,SDN,San Diego Padres,54821000.0,76,86.0,False,False,Lahman (SABR) Salaries + Teams,yes,0.4691358024691358,0.9695438700296563,16.0
2000,SFN,San Francisco Giants,53737826.0,97,65.0,True,False,Lahman (SABR) Salaries + Teams,yes,0.5987654320987654,0.9503872564714303,17.0
2000,ANA,Anaheim Angels,51464167.0,82,80.0,False,False,Lahman (SABR) Salaries + Teams,yes,0.5061728395061729,0.9101761668162296,18.0
2000,HOU,Houston Astros,51289111.0,72,90.0,False,False,Lahman (SABR) Salaries + Teams,yes,0.4444444444444444,0.9070801913376373,19.0
2000,PHI,Philadelphia Phillies,47308000.0,65,97.0,False,False,Lahman (SABR) Salaries + Teams,yes,0.4012345679012346,0.8366717389935058,20.0
2000,CIN,Cincinnati Reds,46867200.0,85,77.0,False,False,Lahman (SABR) Salaries + Teams,yes,0.5246913580246914,0.8288759137092337,21.0
2000,TOR,Toronto Blue Jays,44838332.0,83,79.0,False,False,Lahman (SABR) Salaries + Teams,yes,0.5123456790123457,0.7929941068742741,22.0
2000,MIL,Milwaukee Brewers,36505333.0,73,89.0,False,False,Lahman (SABR) Salaries + Teams,yes,0.4506172839506173,0.6456197777045534,23.0
2000,MON,Montreal Expos,32994333.0,67,95.0,False,False,Lahman (SABR) Salaries + Teams,yes,0.41358024691358025,0.583525534117714,24.0
2000,OAK,Oakland Athletics,31971333.0,91,70.0,True,False,Lahman (SABR) Salaries + Teams,yes,0.5652173913043478,0.5654331356018106,25.0
2000,CHA,Chicago White Sox,31133500.0,95,67.0,True,False,Lahman (SABR) Salaries + Teams,yes,0.5864197530864198,0.550615531959802,26.0
2000,PIT,Pittsburgh Pirates,28928334.0,69,93.0,False,False,Lahman (SABR) Salaries + Teams,yes,0.42592592592592593,0.5116157840949724,27.0
2000,KCA,Kansas City Royals,23433000.0,77,85.0,False,False,Lahman (SABR) Salaries + Teams,yes,0.47530864197530864,0.4144273454771882,28.0
2000,FLO,Florida Marlins,19872000.0,79,82.0,False,False,Lahman (SABR) Salaries + Teams,yes,0.4906832298136646,0.3514488204379586,29.0
2000,MIN,Minnesota Twins,16519500.0,69,93.0,False,False,Lahman (SABR) Salaries + Teams,yes,0.42592592592592593,0.2921577490551961,30.0
2001,NYA,New York Yankees,112287143.0,95,65.0,True,False,Lahman (SABR) Salaries + Teams,yes,0.59375,1.7545414387949623,1.0
2001,BOS,Boston Red Sox,110035833.0,82,79.0,False,False,Lahman (SABR) Salaries + Teams,yes,0.5093167701863354,1.719363620738148,2.0
2001,LAN,Los Angeles Dodgers,109105953.0,86,76.0,False,False,Lahman (SABR) Salaries + Teams,yes,0.5308641975308642,1.7048337916809901,3.0
2001,NYN,New York Mets,93174428.0,82,80.0,False,False,Lahman (SABR) Salaries + Teams,yes,0.5061728395061729,1.4558959342479452,4.0
2001,CLE,Cleveland Indians,93152001.0,91,71.0,True,False,Lahman (SABR) Salaries + Teams,yes,0.5617283950617284,1.4555455014219194,5.0
2001,ATL,Atlanta Braves,91936166.0,88,74.0,True,False,Lahman (SABR) Salaries + Teams,yes,0.5432098765432098,1.436547485858933,6.0
2001,TEX,Texas Rangers,88633500.0,73,89.0,False,False,Lahman (SABR) Salaries + Teams,yes,0.4506172839506173,1.384941716928654,7.0
2001,ARI,Arizona Diamondbacks,85082999.0,92,70.0,True,True,Lahman (SABR) Salaries + Teams,yes,0.5679012345679012,1.3294634051064096,8.0
2001,SLN,St. Louis Cardinals,78538333.0,93,69.0,True,False,Lahman (SABR) Salaries + Teams,yes,0.5740740740740741,1.2271998031188474,9.0
2001,TOR,Toronto Blue Jays,76895999.0,80,82.0,False,False,Lahman (SABR) Salaries + Teams,yes,0.49382716049382713,1.2015375324228883,10.0
2001,SEA,Seattle Mariners,74720834.0,116,46.0,True,False,Lahman (SABR) Salaries + Teams,yes,0.7160493827160493,1.1675495171724117,11.0
2001,COL,Colorado Rockies,71541334.0,73,89.0,False,False,Lahman (SABR) Salaries + Teams,yes,0.4506172839506173,1.1178682771336603,12.0
2001,BAL,Baltimore Orioles,67599540.0,63,98.0,False,False,Lahman (SABR) Salaries + Teams,yes,0.391304347826087,1.0562758211194099,13.0
2001,CHA,Chicago White Sox,65653667.0,83,79.0,False,False,Lahman (SABR) Salaries + Teams,yes,0.5123456790123457,1.0258706053314166,14.0
2001,CHN,Chicago Cubs,64715833.0,88,74.0,False,False,Lahman (SABR) Salaries + Teams,yes,0.5432098765432098,1.011216491140348,15.0
2001,SFN,San Francisco Giants,63280167.0,90,72.0,False,False,Lahman (SABR) Salaries + Teams,yes,0.5555555555555556,0.9887835088596518,16.0
2001,HOU,Houston Astros,60612667.0,93,69.0,True,False,Lahman (SABR) Salaries + Teams,yes,0.5740740740740741,0.9471025188287134,17.0
2001,PIT,Pittsburgh Pirates,57760833.0,62,100.0,False,False,Lahman (SABR) Salaries + Teams,yes,0.38271604938271603,0.9025412200381262,18.0
2001,TBA,Tampa Bay Devil Rays,56980000.0,62,100.0,False,False,Lahman (SABR) Salaries + Teams,yes,0.38271604938271603,0.8903403231350979,19.0
2001,DET,Detroit Tigers,53416167.0,66,96.0,False,False,Lahman (SABR) Salaries + Teams,yes,0.4074074074074074,0.8346536923028844,20.0
2001,CIN,Cincinnati Reds,48986000.0,66,96.0,False,False,Lahman (SABR) Salaries + Teams,yes,0.4074074074074074,0.7654301696928029,21.0
2001,ANA,Anaheim Angels,47535167.0,75,87.0,False,False,Lahman (SABR) Salaries + Teams,yes,0.46296296296296297,0.7427601956311135,22.0
2001,MIL,Milwaukee Brewers,43886833.0,68,94.0,False,False,Lahman (SABR) Salaries + Teams,yes,0.41975308641975306,0.6857531954123567,23.0
2001,PHI,Philadelphia Phillies,41663833.0,86,76.0,False,False,Lahman (SABR) Salaries + Teams,yes,0.5308641975308642,0.6510177349292166,24.0
2001,SDN,San Diego Padres,39182833.0,79,83.0,False,False,Lahman (SABR) Salaries + Teams,yes,0.4876543209876543,0.612250898465577,25.0
2001,FLO,Florida Marlins,35762500.0,76,86.0,False,False,Lahman (SABR) Salaries + Teams,yes,0.4691358024691358,0.5588065252039126,26.0
2001,KCA,Kansas City Royals,35422500.0,65,97.0,False,False,Lahman (SABR) Salaries + Teams,yes,0.4012345679012346,0.5534938591830995,27.0
2001,MON,Montreal Expos,35159500.0,68,94.0,False,False,Lahman (SABR) Salaries + Teams,yes,0.41975308641975306,0.5493843557611175,28.0
2001,OAK,Oakland Athletics,33810750.0,102,60.0,True,False,Lahman (SABR) Salaries + Teams,yes,0.6296296296296297,0.5283094784212007,29.0
2001,MIN,Minnesota Twins,24130000.0,85,77.0,False,False,Lahman (SABR) Salaries + Teams,yes,0.5246913580246914,0.37704303259476857,30.0
2002,NYA,New York Yankees,125928583.0,103,58.0,True,False,Lahman (SABR) Salaries + Teams,yes,0.639751552795031,2.0607687161282797,1.0
2002,BOS,Boston Red Sox,108366060.0,93,69.0,False,False,Lahman (SABR) Salaries + Teams,yes,0.5740740740740741,1.773365355330649,2.0
2002,TEX,Texas Rangers,105526122.0,72,90.0,False,False,Lahman (SABR) Salaries + Teams,yes,0.4444444444444444,1.7268909549465528,3.0
2002,ARI,Arizona Diamondbacks,102819999.0,98,64.0,True,False,Lahman (SABR) Salaries + Teams,yes,0.6049382716049383,1.6826063812021217,4.0
2002,LAN,Los Angeles Dodgers,94850953.0,92,70.0,False,False,Lahman (SABR) Salaries + Teams,yes,0.5679012345679012,1.5521962685576618,5.0
2002,NYN,New York Mets,94633593.0,75,86.0,False,False,Lahman (SABR) Salaries + Teams,yes,0.4658385093167702,1.5486392628527883,6.0
2002,ATL,Atlanta Braves,92870367.0,101,59.0,True,False,Lahman (SABR) Salaries + Teams,yes,0.63125,1.519784805082355,7.0
2002,SEA,Seattle Mariners,80282668.0,93,69.0,False,False,Lahman (SABR) Salaries + Teams,yes,0.5740740740740741,1.3137923632612696,8.0
2002,CLE,Cleveland Indians,78909449.0,74,88.0,False,False,Lahman (SABR) Salaries + Teams,yes,0.4567901234567901,1.2913202073124255,9.0
2002,SFN,San Francisco Giants,78299835.0,95,66.0,True,False,Lahman (SABR) Salaries + Teams,yes,0.5900621118012422,1.2813441285685407,10.0
2002,TOR,Toronto Blue Jays,76864333.0,78,84.0,False,False,Lahman (SABR) Salaries + Teams,yes,0.48148148148148145,1.257852737312756,11.0
2002,CHN,Chicago Cubs,75690833.0,67,95.0,False,False,Lahman (SABR) Salaries + Teams,yes,0.41358024691358025,1.2386488994646279,12.0
2002,SLN,St. Louis Cardinals,74660875.0,97,65.0,True,False,Lahman (SABR) Salaries + Teams,yes,0.5987654320987654,1.2217940665524998,13.0
2002,HOU,Houston Astros,63448417.0,84,78.0,False,False,Lahman (SABR) Salaries + Teams,yes,0.5185185185185185,1.0383068698665634,14.0
2002,ANA,Anaheim Angels,61721667.0,99,63.0,True,True,Lahman (SABR) Salaries + Teams,yes,0.6111111111111112,1.0100493266162394,15.0
2002,BAL,Baltimore Orioles,60493487.0,67,95.0,False,False,Lahman (SABR) Salaries + Teams,yes,0.41358024691358025,0.9899506733837605,16.0
2002,PHI,Philadelphia Phillies,57954999.0,80,81.0,False,False,Lahman (SABR) Salaries + Teams,yes,0.4968944099378882,0.9484093764673406,17.0
2002,CHA,Chicago White Sox,57052833.0,81,81.0,False,False,Lahman (SABR) Salaries + Teams,yes,0.5,0.9336458063130207,18.0
2002,COL,Colorado Rockies,56851043.0,73,89.0,False,False,Lahman (SABR) Salaries + Teams,yes,0.4506172839506173,0.9303435971614453,19.0
2002,DET,Detroit Tigers,55048000.0,55,106.0,False,False,Lahman (SABR) Salaries + Teams,yes,0.3416149068322981,0.9008375507999605,20.0
2002,MIL,Milwaukee Brewers,50287833.0,56,106.0,False,False,Lahman (SABR) Salaries + Teams,yes,0.345679012345679,0.8229394040611363,21.0
2002,KCA,Kansas City Royals,47257000.0,62,100.0,False,False,Lahman (SABR) Salaries + Teams,yes,0.38271604938271603,0.7733410866544422,22.0
2002,CIN,Cincinnati Reds,45050390.0,78,84.0,False,False,Lahman (SABR) Salaries + Teams,yes,0.48148148148148145,0.7372308347293822,23.0
2002,PIT,Pittsburgh Pirates,42323599.0,72,89.0,False,False,Lahman (SABR) Salaries + Teams,yes,0.4472049689440994,0.6926080377888326,24.0
2002,FLO,Florida Marlins,41979917.0,79,83.0,False,False,Lahman (SABR) Salaries + Teams,yes,0.4876543209876543,0.686983825262782,25.0
2002,SDN,San Diego Padres,41425000.0,66,96.0,False,False,Lahman (SABR) Salaries + Teams,yes,0.4074074074074074,0.6779028401011548,26.0
2002,MIN,Minnesota Twins,40425000.0,94,67.0,True,False,Lahman (SABR) Salaries + Teams,yes,0.5838509316770186,0.6615382573588214,27.0
2002,OAK,Oakland Athletics,40004167.0,103,59.0,True,False,Lahman (SABR) Salaries + Teams,yes,0.6358024691358025,0.6546515009096171,28.0
2002,MON,Montreal Expos,38670500.0,83,79.0,False,False,Lahman (SABR) Salaries + Teams,yes,0.5123456790123457,0.6328265969373978,29.0
2002,TBA,Tampa Bay Devil Rays,34380000.0,55,106.0,False,False,Lahman (SABR) Salaries + Teams,yes,0.3416149068322981,0.562614354681417,30.0
2003,NYA,New York Yankees,152749814.0,101,61.0,True,False,Lahman (SABR) Salaries + Teams,yes,0.6234567901234568,2.21441262249495,1.0
2003,NYN,New York Mets,116876429.0,66,95.0,False,False,Lahman (SABR) Salaries + Teams,yes,0.40993788819875776,1.6943564962359614,2.0
2003,ATL,Atlanta Braves,106243667.0,101,61.0,True,False,Lahman (SABR) Salaries + Teams,yes,0.6234567901234568,1.5402134451368312,3.0
2003,LAN,Los Angeles Dodgers,105572620.0,85,77.0,False,False,Lahman (SABR) Salaries + Teams,yes,0.5246913580246914,1.5304852830646511,4.0
2003,TEX,Texas Rangers,103491667.0,71,91.0,False,False,Lahman (SABR) Salaries + Teams,yes,0.4382716049382716,1.5003177269194192,5.0
2003,BOS,Boston Red Sox,99946500.0,95,67.0,True,False,Lahman (SABR) Salaries + Teams,yes,0.5864197530864198,1.4489234741339294,6.0
2003,SEA,Seattle Mariners,86959167.0,93,69.0,False,False,Lahman (SABR) Salaries + Teams,yes,0.5740740740740741,1.2606462293070047,7.0
2003,SLN,St. Louis Cardinals,83786666.0,85,77.0,False,False,Lahman (SABR) Salaries + Teams,yes,0.5246913580246914,1.2146545120321288,8.0
2003,SFN,San Francisco Giants,82852167.0,100,61.0,True,False,Lahman (SABR) Salaries + Teams,yes,0.6211180124223602,1.2011070887841444,9.0
2003,ARI,Arizona Diamondbacks,80657000.0,84,78.0,False,False,Lahman (SABR) Salaries + Teams,yes,0.5185185185185185,1.169283773350946,10.0
2003,CHN,Chicago Cubs,79868333.0,88,74.0,True,False,Lahman (SABR) Salaries + Teams,yes,0.5432098765432098,1.1578504752407093,11.0
2003,ANA,Anaheim Angels,79031667.0,77,85.0,False,False,Lahman (SABR) Salaries + Teams,yes,0.47530864197530864,1.1457213360771594,12.0
2003,BAL,Baltimore Orioles,73877500.0,71,91.0,False,False,Lahman (SABR) Salaries + Teams,yes,0.4382716049382716,1.0710014253658644,13.0
2003,HOU,Houston Astros,71040000.0,87,75.0,False,False,Lahman (SABR) Salaries + Teams,yes,0.5370370370370371,1.029866214449474,14.0
2003,PHI,Philadelphia Phillies,70780000.0,86,76.0,False,False,Lahman (SABR) Salaries + Teams,yes,0.5308641975308642,1.0260969968853288,15.0
2003,COL,Colorado Rockies,67179667.0,74,88.0,False,False,Lahman (SABR) Salaries + Teams,yes,0.4567901234567901,0.9739030031146712,16.0
2003,CIN,Cincinnati Reds,59355667.0,69,93.0,False,False,Lahman (SABR) Salaries + Teams,yes,0.42592592592592593,0.8604785484151684,17.0
2003,MIN,Minnesota Twins,55505000.0,90,72.0,True,False,Lahman (SABR) Salaries + Teams,yes,0.5555555555555556,0.8046554649918081,18.0
2003,PIT,Pittsburgh Pirates,54812429.0,75,87.0,False,False,Lahman (SABR) Salaries + Teams,yes,0.46296296296296297,0.7946152696932792,19.0
2003,MON,Montreal Expos,51948500.0,83,79.0,False,False,Lahman (SABR) Salaries + Teams,yes,0.5123456790123457,0.7530969178114935,20.0
2003,TOR,Toronto Blue Jays,51269000.0,86,76.0,False,False,Lahman (SABR) Salaries + Teams,yes,0.5308641975308642,0.7432462126775067,21.0
2003,CHA,Chicago White Sox,51010000.0,86,76.0,False,False,Lahman (SABR) Salaries + Teams,yes,0.5308641975308642,0.739491492103993,22.0
2003,OAK,Oakland Athletics,50260834.0,96,66.0,True,False,Lahman (SABR) Salaries + Teams,yes,0.5925925925925926,0.7286308396206842,23.0
2003,FLO,Florida Marlins,49450000.0,91,71.0,True,True,Lahman (SABR) Salaries + Teams,yes,0.5617283950617284,0.7168761867191228,24.0
2003,DET,Detroit Tigers,49168000.0,43,119.0,False,False,Lahman (SABR) Salaries + Teams,yes,0.2654320987654321,0.7127880353610886,25.0
2003,CLE,Cleveland Indians,48584834.0,68,94.0,False,False,Lahman (SABR) Salaries + Teams,yes,0.41975308641975306,0.7043338833225801,26.0
2003,SDN,San Diego Padres,45210000.0,64,98.0,False,False,Lahman (SABR) Salaries + Teams,yes,0.3950617283950617,0.6554089464422961,27.0
2003,MIL,Milwaukee Brewers,40627000.0,68,94.0,False,False,Lahman (SABR) Salaries + Teams,yes,0.41975308641975306,0.5889692383789242,28.0
2003,KCA,Kansas City Royals,40518000.0,83,79.0,False,False,Lahman (SABR) Salaries + Teams,yes,0.5123456790123457,0.5873890664001096,29.0
2003,TBA,Tampa Bay Devil Rays,19630000.0,63,99.0,False,False,Lahman (SABR) Salaries + Teams,yes,0.3888888888888889,0.28457592609295007,30.0
2004,NYA,New York Yankees,184193950.0,101,61.0,True,False,Lahman (SABR) Salaries + Teams,yes,0.6234567901234568,2.955658839238225,1.0
2004,BOS,Boston Red Sox,127298500.0,98,64.0,True,True,Lahman (SABR) Salaries + Teams,yes,0.6049382716049383,2.0426888980162876,2.0
2004,ANA,Anaheim Angels,100534667.0,92,70.0,True,False,Lahman (SABR) Salaries + Teams,yes,0.5679012345679012,1.6132244146369707,3.0
2004,NYN,New York Mets,96660970.0,71,91.0,False,False,Lahman (SABR) Salaries + Teams,yes,0.4382716049382716,1.5510653329810282,4.0
2004,PHI,Philadelphia Phillies,92919167.0,86,76.0,False,False,Lahman (SABR) Salaries + Teams,yes,0.5308641975308642,1.4910226816798422,5.0
2004,LAN,Los Angeles Dodgers,92902001.0,93,69.0,True,False,Lahman (SABR) Salaries + Teams,yes,0.5740740740740741,1.490747228334961,6.0
2004,CHN,Chicago Cubs,90560000.0,89,73.0,False,False,Lahman (SABR) Salaries + Teams,yes,0.5493827160493827,1.4531664285467227,7.0
2004,ATL,Atlanta Braves,90182500.0,96,66.0,True,False,Lahman (SABR) Salaries + Teams,yes,0.5925925925925926,1.4471088940195984,8.0
2004,SLN,St. Louis Cardinals,83228333.0,105,57.0,True,False,Lahman (SABR) Salaries + Teams,yes,0.6481481481481481,1.335519207370885,9.0
2004,SFN,San Francisco Giants,82019166.0,91,71.0,False,False,Lahman (SABR) Salaries + Teams,yes,0.5617283950617284,1.3161163706780123,10.0
2004,SEA,Seattle Mariners,81515834.0,63,99.0,False,False,Lahman (SABR) Salaries + Teams,yes,0.3888888888888889,1.3080396793704452,11.0
2004,HOU,Houston Astros,75397000.0,92,70.0,True,False,Lahman (SABR) Salaries + Teams,yes,0.5679012345679012,1.209854121169802,12.0
2004,ARI,Arizona Diamondbacks,69780750.0,51,111.0,False,False,Lahman (SABR) Salaries + Teams,yes,0.3148148148148148,1.1197332515328149,13.0
2004,COL,Colorado Rockies,65445167.0,68,94.0,False,False,Lahman (SABR) Salaries + Teams,yes,0.41975308641975306,1.0501625396978118,14.0
2004,CHA,Chicago White Sox,65212500.0,83,79.0,False,False,Lahman (SABR) Salaries + Teams,yes,0.5123456790123457,1.0464290605300701,15.0
2004,OAK,Oakland Athletics,59425667.0,91,71.0,False,False,Lahman (SABR) Salaries + Teams,yes,0.5617283950617284,0.9535709394699298,16.0
2004,SDN,San Diego Padres,55384833.0,87,75.0,False,False,Lahman (SABR) Salaries + Teams,yes,0.5370370370370371,0.8887299024543581,17.0
2004,TEX,Texas Rangers,55050417.0,89,73.0,False,False,Lahman (SABR) Salaries + Teams,yes,0.5493827160493827,0.8833637131393307,18.0
2004,MIN,Minnesota Twins,53585000.0,92,70.0,True,False,Lahman (SABR) Salaries + Teams,yes,0.5679012345679012,0.8598489738700987,19.0
2004,BAL,Baltimore Orioles,51623333.0,78,84.0,False,False,Lahman (SABR) Salaries + Teams,yes,0.48148148148148145,0.8283711842456734,20.0
2004,TOR,Toronto Blue Jays,50017000.0,67,94.0,False,False,Lahman (SABR) Salaries + Teams,yes,0.4161490683229814,0.8025952435580989,21.0
2004,KCA,Kansas City Royals,47609000.0,58,104.0,False,False,Lahman (SABR) Salaries + Teams,yes,0.35802469135802467,0.7639553941771303,22.0
2004,DET,Detroit Tigers,46832000.0,72,90.0,False,False,Lahman (SABR) Salaries + Teams,yes,0.4444444444444444,0.751487303243155,23.0
2004,CIN,Cincinnati Reds,46615250.0,76,86.0,False,False,Lahman (SABR) Salaries + Teams,yes,0.4691358024691358,0.7480092354053955,24.0
2004,FLO,Florida Marlins,42143042.0,83,79.0,False,False,Lahman (SABR) Salaries + Teams,yes,0.5123456790123457,0.6762461774650457,25.0
2004,MON,Montreal Expos,40897500.0,67,95.0,False,False,Lahman (SABR) Salaries + Teams,yes,0.41358024691358025,0.6562596511869434,26.0
2004,CLE,Cleveland Indians,34319300.0,80,82.0,False,False,Lahman (SABR) Salaries + Teams,yes,0.49382716049382713,0.5507028998589172,27.0
2004,PIT,Pittsburgh Pirates,32227929.0,72,89.0,False,False,Lahman (SABR) Salaries + Teams,yes,0.4472049689440994,0.5171438216032173,28.0
2004,TBA,Tampa Bay Devil Rays,29556667.0,70,91.0,False,False,Lahman (SABR) Salaries + Teams,yes,0.43478260869565216,0.4742795519449512,29.0
2004,MIL,Milwaukee Brewers,27528500.0,67,94.0,False,False,Lahman (SABR) Salaries + Teams,yes,0.4161490683229814,0.44173467345680717,30.0
2005,NYA,New York Yankees,208306817.0,95,67.0,True,False,Lahman (SABR) Salaries + Teams,yes,0.5864197530864198,3.1470367007480493,1.0
2005,BOS,Boston Red Sox,123505125.0,95,67.0,True,False,Lahman (SABR) Salaries + Teams,yes,0.5864197530864198,1.8658782593057213,2.0
2005,NYN,New York Mets,101305821.0,83,79.0,False,False,Lahman (SABR) Salaries + Teams,yes,0.5123456790123457,1.5304978554130202,3.0
2005,PHI,Philadelphia Phillies,95522000.0,88,74.0,False,False,Lahman (SABR) Salaries + Teams,yes,0.5432098765432098,1.4431176284012595,4.0
2005,LAA,Los Angeles Angels of Anaheim,94867822.0,95,67.0,True,False,Lahman (SABR) Salaries + Teams,yes,0.5864197530864198,1.4332345040538603,5.0
2005,SLN,St. Louis Cardinals,92106833.0,100,62.0,True,False,Lahman (SABR) Salaries + Teams,yes,0.6172839506172839,1.391522313168808,6.0
2005,SFN,San Francisco Giants,90199500.0,75,87.0,False,False,Lahman (SABR) Salaries + Teams,yes,0.46296296296296297,1.362706900221723,7.0
2005,SEA,Seattle Mariners,87754334.0,69,93.0,False,False,Lahman (SABR) Salaries + Teams,yes,0.42592592592592593,1.3257660681729027,8.0
2005,CHN,Chicago Cubs,87032933.0,79,83.0,False,False,Lahman (SABR) Salaries + Teams,yes,0.4876543209876543,1.3148673589724431,9.0
2005,ATL,Atlanta Braves,86457302.0,90,72.0,True,False,Lahman (SABR) Salaries + Teams,yes,0.5555555555555556,1.3061708990621164,10.0
2005,LAN,Los Angeles Dodgers,83039000.0,71,91.0,False,False,Lahman (SABR) Salaries + Teams,yes,0.4382716049382716,1.2545282211931512,11.0
2005,HOU,Houston Astros,76779000.0,89,73.0,True,False,Lahman (SABR) Salaries + Teams,yes,0.5493827160493827,1.159954025156721,12.0
2005,CHA,Chicago White Sox,75178000.0,99,63.0,True,True,Lahman (SABR) Salaries + Teams,yes,0.6111111111111112,1.1357665989819088,13.0
2005,BAL,Baltimore Orioles,73914333.0,74,88.0,False,False,Lahman (SABR) Salaries + Teams,yes,0.4567901234567901,1.1166754982498373,14.0
2005,DET,Detroit Tigers,69092000.0,71,91.0,False,False,Lahman (SABR) Salaries + Teams,yes,0.4382716049382716,1.043821142579718,15.0
2005,SDN,San Diego Padres,63290833.0,82,80.0,True,False,Lahman (SABR) Salaries + Teams,yes,0.5061728395061729,0.956178857420282,16.0
2005,ARI,Arizona Diamondbacks,62329166.0,77,85.0,False,False,Lahman (SABR) Salaries + Teams,yes,0.47530864197530864,0.9416502818005111,17.0
2005,CIN,Cincinnati Reds,61892583.0,73,89.0,False,False,Lahman (SABR) Salaries + Teams,yes,0.4506172839506173,0.9350545172273206,18.0
2005,FLO,Florida Marlins,60408834.0,83,79.0,False,False,Lahman (SABR) Salaries + Teams,yes,0.5123456790123457,0.9126384838735095,19.0
2005,MIN,Minnesota Twins,56186000.0,83,79.0,False,False,Lahman (SABR) Salaries + Teams,yes,0.5123456790123457,0.8488411786745793,20.0
2005,TEX,Texas Rangers,55849000.0,79,83.0,False,False,Lahman (SABR) Salaries + Teams,yes,0.4876543209876543,0.8437498840956213,21.0
2005,OAK,Oakland Athletics,55425762.0,88,74.0,False,False,Lahman (SABR) Salaries + Teams,yes,0.5432098765432098,0.8373557317662178,22.0
2005,WAS,Washington Nationals,48581500.0,81,81.0,False,False,Lahman (SABR) Salaries + Teams,yes,0.5,0.733954681268983,23.0
2005,COL,Colorado Rockies,47839000.0,67,95.0,False,False,Lahman (SABR) Salaries + Teams,yes,0.41358024691358025,0.7227372147263234,24.0
2005,TOR,Toronto Blue Jays,45719500.0,80,82.0,False,False,Lahman (SABR) Salaries + Teams,yes,0.49382716049382713,0.6907164465954585,25.0
2005,CLE,Cleveland Indians,41502500.0,93,69.0,False,False,Lahman (SABR) Salaries + Teams,yes,0.5740740740740741,0.6270072797127706,26.0
2005,MIL,Milwaukee Brewers,39934833.0,81,81.0,False,False,Lahman (SABR) Salaries + Teams,yes,0.5,0.6033234384703038,27.0
2005,PIT,Pittsburgh Pirates,38133000.0,67,95.0,False,False,Lahman (SABR) Salaries + Teams,yes,0.41358024691358025,0.5761018877727144,28.0
2005,KCA,Kansas City Royals,36881000.0,56,106.0,False,False,Lahman (SABR) Salaries + Teams,yes,0.345679012345679,0.5571870485654284,29.0
2005,TBA,Tampa Bay Devil Rays,29679067.0,67,95.0,False,False,Lahman (SABR) Salaries + Teams,yes,0.41358024691358025,0.4483824122422278,30.0
2006,NYA,New York Yankees,194663079.0,97,65.0,True,False,Lahman (SABR) Salaries + Teams,yes,0.5987654320987654,2.704582034965305,1.0
2006,BOS,Boston Red Sox,120099824.0,86,76.0,False,False,Lahman (SABR) Salaries + Teams,yes,0.5308641975308642,1.6686257510233615,2.0
2006,LAA,Los Angeles Angels of Anaheim,103472000.0,89,73.0,False,False,Lahman (SABR) Salaries + Teams,yes,0.5493827160493827,1.4376044690114556,3.0
2006,CHA,Chicago White Sox,102750667.0,90,72.0,False,False,Lahman (SABR) Salaries + Teams,yes,0.5555555555555556,1.4275825157830901,4.0
2006,NYN,New York Mets,101084963.0,97,65.0,True,False,Lahman (SABR) Salaries + Teams,yes,0.5987654320987654,1.4044397958738368,5.0
2006,LAN,Los Angeles Dodgers,98447187.0,88,74.0,True,False,Lahman (SABR) Salaries + Teams,yes,0.5432098765432098,1.3677914410933052,6.0
2006,CHN,Chicago Cubs,94424499.0,66,96.0,False,False,Lahman (SABR) Salaries + Teams,yes,0.4074074074074074,1.3119015941179035,7.0
2006,ATL,Atlanta Braves,90156876.0,79,83.0,False,False,Lahman (SABR) Salaries + Teams,yes,0.4876543209876543,1.2526087042843634,8.0
2006,SFN,San Francisco Giants,90056419.0,76,85.0,False,False,Lahman (SABR) Salaries + Teams,yes,0.4720496894409938,1.2512129891909711,9.0
2006,SLN,St. Louis Cardinals,88891371.0,83,78.0,True,True,Lahman (SABR) Salaries + Teams,yes,0.515527950310559,1.2350262119815536,10.0
2006,HOU,Houston Astros,88694435.0,82,80.0,False,False,Lahman (SABR) Salaries + Teams,yes,0.5061728395061729,1.2322900507620038,11.0
2006,PHI,Philadelphia Phillies,88273333.0,85,77.0,False,False,Lahman (SABR) Salaries + Teams,yes,0.5246913580246914,1.2264394040449242,12.0
2006,SEA,Seattle Mariners,87959833.0,78,84.0,False,False,Lahman (SABR) Salaries + Teams,yes,0.48148148148148145,1.2220837425999431,13.0
2006,DET,Detroit Tigers,82612866.0,95,67.0,True,False,Lahman (SABR) Salaries + Teams,yes,0.5864197530864198,1.1477948175298103,14.0
2006,BAL,Baltimore Orioles,72585582.0,70,92.0,False,False,Lahman (SABR) Salaries + Teams,yes,0.43209876543209874,1.0084791737764562,15.0
2006,TOR,Toronto Blue Jays,71365000.0,87,75.0,False,False,Lahman (SABR) Salaries + Teams,yes,0.5370370370370371,0.9915208262235439,16.0
2006,SDN,San Diego Padres,69896141.0,88,74.0,True,False,Lahman (SABR) Salaries + Teams,yes,0.5432098765432098,0.9711130032110603,17.0
2006,TEX,Texas Rangers,68228662.0,80,82.0,False,False,Lahman (SABR) Salaries + Teams,yes,0.49382716049382713,0.9479456220607708,18.0
2006,MIN,Minnesota Twins,63396006.0,96,66.0,True,False,Lahman (SABR) Salaries + Teams,yes,0.5925925925925926,0.8808023575757408,19.0
2006,WAS,Washington Nationals,63143000.0,71,91.0,False,False,Lahman (SABR) Salaries + Teams,yes,0.4382716049382716,0.8772871790125865,20.0
2006,OAK,Oakland Athletics,62243079.0,93,69.0,True,False,Lahman (SABR) Salaries + Teams,yes,0.5740740740740741,0.8647839853818722,21.0
2006,CIN,Cincinnati Reds,60909519.0,80,82.0,False,False,Lahman (SABR) Salaries + Teams,yes,0.49382716049382713,0.8462559602572499,22.0
2006,ARI,Arizona Diamondbacks,59684226.0,76,86.0,False,False,Lahman (SABR) Salaries + Teams,yes,0.4691358024691358,0.8292321596865792,23.0
2006,MIL,Milwaukee Brewers,57568333.0,75,87.0,False,False,Lahman (SABR) Salaries + Teams,yes,0.46296296296296297,0.7998346682613621,24.0
2006,CLE,Cleveland Indians,56031500.0,78,84.0,False,False,Lahman (SABR) Salaries + Teams,yes,0.48148148148148145,0.7784824378132768,25.0
2006,KCA,Kansas City Royals,47294000.0,62,100.0,False,False,Lahman (SABR) Salaries + Teams,yes,0.38271604938271603,0.6570866104591366,26.0
2006,PIT,Pittsburgh Pirates,46717750.0,67,95.0,False,False,Lahman (SABR) Salaries + Teams,yes,0.41358024691358025,0.6490803906579551,27.0
2006,COL,Colorado Rockies,41233000.0,76,86.0,False,False,Lahman (SABR) Salaries + Teams,yes,0.4691358024691358,0.5728771558561674,28.0
2006,TBA,Tampa Bay Devil Rays,34917967.0,61,101.0,False,False,Lahman (SABR) Salaries + Teams,yes,0.3765432098765432,0.48513825390438503,29.0
2006,FLO,Florida Marlins,14671500.0,78,84.0,False,False,Lahman (SABR) Salaries + Teams,yes,0.48148148148148145,0.20384078752804208,30.0
2007,NYA,New York Yankees,189259045.0,94,68.0,True,False,Lahman (SABR) Salaries + Teams,yes,0.5802469135802469,2.236659955175695,1.0
2007,BOS,Boston Red Sox,143026214.0,96,66.0,True,True,Lahman (SABR) Salaries + Teams,yes,0.5925925925925926,1.6902811984187565,2.0
2007,NYN,New York Mets,115231663.0,88,74.0,False,False,Lahman (SABR) Salaries + Teams,yes,0.5432098765432098,1.3618056996980028,3.0
2007,LAA,Los Angeles Angels of Anaheim,109251333.0,94,68.0,True,False,Lahman (SABR) Salaries + Teams,yes,0.5802469135802469,1.2911302684141988,4.0
2007,CHA,Chicago White Sox,108671833.0,72,90.0,False,False,Lahman (SABR) Salaries + Teams,yes,0.4444444444444444,1.2842817479430935,5.0
2007,LAN,Los Angeles Dodgers,108454524.0,82,80.0,False,False,Lahman (SABR) Salaries + Teams,yes,0.5061728395061729,1.2817135941293656,6.0
2007,SEA,Seattle Mariners,106460833.0,88,74.0,False,False,Lahman (SABR) Salaries + Teams,yes,0.5432098765432098,1.2581521901145973,7.0
2007,CHN,Chicago Cubs,99670332.0,85,77.0,True,False,Lahman (SABR) Salaries + Teams,yes,0.5246913580246914,1.1779021726727334,8.0
2007,DET,Detroit Tigers,94800369.0,88,74.0,False,False,Lahman (SABR) Salaries + Teams,yes,0.5432098765432098,1.1203490384207493,9.0
2007,BAL,Baltimore Orioles,93174808.0,69,93.0,False,False,Lahman (SABR) Salaries + Teams,yes,0.42592592592592593,1.1011381880574531,10.0
2007,SLN,St. Louis Cardinals,90286823.0,78,84.0,False,False,Lahman (SABR) Salaries + Teams,yes,0.48148148148148145,1.06700803379905,11.0
2007,SFN,San Francisco Giants,90219056.0,71,91.0,False,False,Lahman (SABR) Salaries + Teams,yes,0.4382716049382716,1.0662071646243036,12.0
2007,PHI,Philadelphia Phillies,89428213.0,89,73.0,True,False,Lahman (SABR) Salaries + Teams,yes,0.5493827160493827,1.0568609964190747,13.0
2007,HOU,Houston Astros,87759000.0,73,89.0,False,False,Lahman (SABR) Salaries + Teams,yes,0.4506172839506173,1.0371342675128885,14.0
2007,ATL,Atlanta Braves,87290833.0,84,78.0,False,False,Lahman (SABR) Salaries + Teams,yes,0.5185185185185185,1.0316014784129819,15.0
2007,TOR,Toronto Blue Jays,81942800.0,83,79.0,False,False,Lahman (SABR) Salaries + Teams,yes,0.5123456790123457,0.9683985215870181,16.0
2007,OAK,Oakland Athletics,79366940.0,76,86.0,False,False,Lahman (SABR) Salaries + Teams,yes,0.4691358024691358,0.9379570549076377,17.0
2007,MIN,Minnesota Twins,71439500.0,79,83.0,False,False,Lahman (SABR) Salaries + Teams,yes,0.4876543209876543,0.8442707130207386,18.0
2007,MIL,Milwaukee Brewers,70986500.0,83,79.0,False,False,Lahman (SABR) Salaries + Teams,yes,0.5123456790123457,0.8389171672512639,19.0
2007,CIN,Cincinnati Reds,68524980.0,72,90.0,False,False,Lahman (SABR) Salaries + Teams,yes,0.4444444444444444,0.8098269686144479,20.0
2007,TEX,Texas Rangers,68318675.0,75,87.0,False,False,Lahman (SABR) Salaries + Teams,yes,0.46296296296296297,0.807388859872789,21.0
2007,KCA,Kansas City Royals,67116500.0,69,93.0,False,False,Lahman (SABR) Salaries + Teams,yes,0.42592592592592593,0.7931815775650222,22.0
2007,CLE,Cleveland Indians,61673267.0,96,66.0,True,False,Lahman (SABR) Salaries + Teams,yes,0.5925925925925926,0.7288535488687405,23.0
2007,SDN,San Diego Padres,58110567.0,89,74.0,False,False,Lahman (SABR) Salaries + Teams,yes,0.5460122699386503,0.6867496249991868,24.0
2007,COL,Colorado Rockies,54041000.0,90,73.0,True,False,Lahman (SABR) Salaries + Teams,yes,0.5521472392638037,0.638655556132864,25.0
2007,ARI,Arizona Diamondbacks,52067546.0,90,72.0,True,False,Lahman (SABR) Salaries + Teams,yes,0.5555555555555556,0.6153333126164112,26.0
2007,PIT,Pittsburgh Pirates,38537833.0,68,94.0,False,False,Lahman (SABR) Salaries + Teams,yes,0.41975308641975306,0.4554394102028171,27.0
2007,WAS,Washington Nationals,36947500.0,73,89.0,False,False,Lahman (SABR) Salaries + Teams,yes,0.4506172839506173,0.4366448837034657,28.0
2007,FLO,Florida Marlins,30507000.0,71,91.0,False,False,Lahman (SABR) Salaries + Teams,yes,0.4382716049382716,0.3605311717204582,29.0
2007,TBA,Tampa Bay Devil Rays,24123500.0,66,96.0,False,False,Lahman (SABR) Salaries + Teams,yes,0.4074074074074074,0.28509108470182165,30.0
2008,NYA,New York Yankees,207896789.0,89,73.0,False,False,Lahman (SABR) Salaries + Teams,yes,0.5493827160493827,2.600212053757432,1.0
2008,NYN,New York Mets,137793376.0,89,73.0,False,False,Lahman (SABR) Salaries + Teams,yes,0.5493827160493827,1.723412847916232,2.0
2008,DET,Detroit Tigers,137685196.0,74,88.0,False,False,Lahman (SABR) Salaries + Teams,yes,0.4567901234567901,1.722059816244466,3.0
2008,BOS,Boston Red Sox,133390035.0,95,67.0,True,False,Lahman (SABR) Salaries + Teams,yes,0.5864197530864198,1.6683392683767024,4.0
2008,CHA,Chicago White Sox,121189332.0,89,74.0,True,False,Lahman (SABR) Salaries + Teams,yes,0.5460122699386503,1.515742322760027,5.0
2008,LAA,Los Angeles Angels of Anaheim,119216333.0,100,62.0,True,False,Lahman (SABR) Salaries + Teams,yes,0.6172839506172839,1.4910655790424925,6.0
2008,LAN,Los Angeles Dodgers,118588536.0,84,78.0,True,False,Lahman (SABR) Salaries + Teams,yes,0.5185185185185185,1.4832135802955915,7.0
2008,CHN,Chicago Cubs,118345833.0,97,64.0,True,False,Lahman (SABR) Salaries + Teams,yes,0.6024844720496895,1.48017803910653,8.0
2008,SEA,Seattle Mariners,117666482.0,61,101.0,False,False,Lahman (SABR) Salaries + Teams,yes,0.3765432098765432,1.4716812428480166,9.0
2008,ATL,Atlanta Braves,102365683.0,72,90.0,False,False,Lahman (SABR) Salaries + Teams,yes,0.4444444444444444,1.2803106969954798,10.0
2008,SLN,St. Louis Cardinals,99624449.0,86,76.0,False,False,Lahman (SABR) Salaries + Teams,yes,0.5308641975308642,1.2460254647739775,11.0
2008,PHI,Philadelphia Phillies,97879880.0,92,70.0,True,True,Lahman (SABR) Salaries + Teams,yes,0.5679012345679012,1.2242057466136764,12.0
2008,TOR,Toronto Blue Jays,97793900.0,86,76.0,False,False,Lahman (SABR) Salaries + Teams,yes,0.5308641975308642,1.223130375351535,13.0
2008,HOU,Houston Astros,88930414.0,86,75.0,False,False,Lahman (SABR) Salaries + Teams,yes,0.5341614906832298,1.112272755826155,14.0
2008,MIL,Milwaukee Brewers,80937499.0,90,72.0,True,False,Lahman (SABR) Salaries + Teams,yes,0.5555555555555556,1.0123035642497589,15.0
2008,CLE,Cleveland Indians,78970066.0,81,81.0,False,False,Lahman (SABR) Salaries + Teams,yes,0.5,0.9876964357502411,16.0
2008,SFN,San Francisco Giants,76594500.0,72,90.0,False,False,Lahman (SABR) Salaries + Teams,yes,0.4444444444444444,0.957984695720931,17.0
2008,CIN,Cincinnati Reds,74117695.0,74,88.0,False,False,Lahman (SABR) Salaries + Teams,yes,0.4567901234567901,0.9270067366731524,18.0
2008,SDN,San Diego Padres,73677616.0,63,99.0,False,False,Lahman (SABR) Salaries + Teams,yes,0.3888888888888889,0.921502569312465,19.0
2008,COL,Colorado Rockies,68655500.0,74,88.0,False,False,Lahman (SABR) Salaries + Teams,yes,0.4567901234567901,0.8586898312159278,20.0
2008,TEX,Texas Rangers,67712326.0,79,83.0,False,False,Lahman (SABR) Salaries + Teams,yes,0.4876543209876543,0.8468933411624396,21.0
2008,BAL,Baltimore Orioles,67196246.0,68,93.0,False,False,Lahman (SABR) Salaries + Teams,yes,0.422360248447205,0.8404386121444598,22.0
2008,ARI,Arizona Diamondbacks,66202712.0,82,80.0,False,False,Lahman (SABR) Salaries + Teams,yes,0.5061728395061729,0.8280122582067959,23.0
2008,KCA,Kansas City Royals,58245500.0,75,87.0,False,False,Lahman (SABR) Salaries + Teams,yes,0.46296296296296297,0.728489612108095,24.0
2008,MIN,Minnesota Twins,56932766.0,88,75.0,False,False,Lahman (SABR) Salaries + Teams,yes,0.5398773006134969,0.7120709517401507,25.0
2008,WAS,Washington Nationals,54961000.0,59,102.0,False,False,Lahman (SABR) Salaries + Teams,yes,0.36645962732919257,0.6874096294318534,26.0
2008,PIT,Pittsburgh Pirates,48689783.0,67,95.0,False,False,Lahman (SABR) Salaries + Teams,yes,0.41358024691358025,0.6089741032577164,27.0
2008,OAK,Oakland Athletics,47967126.0,75,86.0,False,False,Lahman (SABR) Salaries + Teams,yes,0.4658385093167702,0.5999356690848241,28.0
2008,TBA,Tampa Bay Rays,43820597.0,97,65.0,True,False,Lahman (SABR) Salaries + Teams,yes,0.5987654320987654,0.5480740951811754,29.0
2008,FLO,Florida Marlins,21811500.0,84,77.0,False,False,Lahman (SABR) Salaries + Teams,yes,0.5217391304347826,0.2728013524563394,30.0
2009,NYA,New York Yankees,201449189.0,103,59.0,True,True,Lahman (SABR) Salaries + Teams,yes,0.6358024691358025,2.485224991118477,1.0
2009,NYN,New York Mets,149373987.0,70,92.0,False,False,Lahman (SABR) Salaries + Teams,yes,0.43209876543209874,1.8427870936497366,2.0
2009,CHN,Chicago Cubs,134809000.0,83,78.0,False,False,Lahman (SABR) Salaries + Teams,yes,0.515527950310559,1.6631027282402748,3.0
2009,BOS,Boston Red Sox,121345999.0,95,67.0,True,False,Lahman (SABR) Salaries + Teams,yes,0.5864197530864198,1.4970132706120636,4.0
2009,DET,Detroit Tigers,115085145.0,86,77.0,False,False,Lahman (SABR) Salaries + Teams,yes,0.5276073619631901,1.4197747823174094,5.0
2009,LAA,Los Angeles Angels of Anaheim,113709000.0,97,65.0,True,False,Lahman (SABR) Salaries + Teams,yes,0.5987654320987654,1.4027976479721191,6.0
2009,PHI,Philadelphia Phillies,113004046.0,93,69.0,True,False,Lahman (SABR) Salaries + Teams,yes,0.5740740740740741,1.394100818230159,7.0
2009,HOU,Houston Astros,102996414.0,74,88.0,False,False,Lahman (SABR) Salaries + Teams,yes,0.4567901234567901,1.2706393276588717,8.0
2009,LAN,Los Angeles Dodgers,100414592.0,95,67.0,True,False,Lahman (SABR) Salaries + Teams,yes,0.5864197530864198,1.238788077282185,9.0
2009,SEA,Seattle Mariners,98904166.0,85,77.0,False,False,Lahman (SABR) Salaries + Teams,yes,0.5246913580246914,1.2201543540040283,10.0
2009,ATL,Atlanta Braves,96726166.0,86,76.0,False,False,Lahman (SABR) Salaries + Teams,yes,0.5308641975308642,1.1932849480881969,11.0
2009,CHA,Chicago White Sox,96068500.0,79,83.0,False,False,Lahman (SABR) Salaries + Teams,yes,0.4876543209876543,1.1851714978076453,12.0
2009,SLN,St. Louis Cardinals,88528409.0,91,71.0,True,False,Lahman (SABR) Salaries + Teams,yes,0.5617283950617284,1.0921514033534179,13.0
2009,SFN,San Francisco Giants,83026450.0,88,74.0,False,False,Lahman (SABR) Salaries + Teams,yes,0.5432098765432098,1.0242752005511855,14.0
2009,CLE,Cleveland Indians,81579166.0,65,97.0,False,False,Lahman (SABR) Salaries + Teams,yes,0.4012345679012346,1.0064204433099146,15.0
2009,TOR,Toronto Blue Jays,80538300.0,75,87.0,False,False,Lahman (SABR) Salaries + Teams,yes,0.46296296296296297,0.9935795566900855,16.0
2009,MIL,Milwaukee Brewers,80182502.0,80,82.0,False,False,Lahman (SABR) Salaries + Teams,yes,0.49382716049382713,0.9891901715266139,17.0
2009,COL,Colorado Rockies,75201000.0,92,70.0,True,False,Lahman (SABR) Salaries + Teams,yes,0.5679012345679012,0.9277347081159041,18.0
2009,CIN,Cincinnati Reds,73558500.0,78,84.0,False,False,Lahman (SABR) Salaries + Teams,yes,0.48148148148148145,0.9074716230760725,19.0
2009,ARI,Arizona Diamondbacks,73115666.0,70,92.0,False,False,Lahman (SABR) Salaries + Teams,yes,0.43209876543209874,0.9020084979615953,20.0
2009,KCA,Kansas City Royals,70519333.0,65,97.0,False,False,Lahman (SABR) Salaries + Teams,yes,0.4012345679012346,0.8699782292427394,21.0
2009,TEX,Texas Rangers,68178798.0,87,75.0,False,False,Lahman (SABR) Salaries + Teams,yes,0.5370370370370371,0.8411036723211551,22.0
2009,BAL,Baltimore Orioles,67101666.0,64,98.0,False,False,Lahman (SABR) Salaries + Teams,yes,0.3950617283950617,0.8278153817183399,23.0
2009,MIN,Minnesota Twins,65299266.0,87,76.0,True,False,Lahman (SABR) Salaries + Teams,yes,0.5337423312883436,0.8055796529659549,24.0
2009,TBA,Tampa Bay Rays,63313034.0,84,78.0,False,False,Lahman (SABR) Salaries + Teams,yes,0.5185185185185185,0.7810760377910175,25.0
2009,OAK,Oakland Athletics,61910000.0,75,87.0,False,False,Lahman (SABR) Salaries + Teams,yes,0.46296296296296297,0.76376718101429,26.0
2009,WAS,Washington Nationals,59928000.0,59,103.0,False,False,Lahman (SABR) Salaries + Teams,yes,0.36419753086419754,0.7393157748962101,27.0
2009,PIT,Pittsburgh Pirates,48693000.0,62,99.0,False,False,Lahman (SABR) Salaries + Teams,yes,0.38509316770186336,0.6007125722036637,28.0
2009,SDN,San Diego Padres,43333700.0,75,87.0,False,False,Lahman (SABR) Salaries + Teams,yes,0.46296296296296297,0.5345963154889184,29.0
2009,FLO,Florida Marlins,36834000.0,87,75.0,False,False,Lahman (SABR) Salaries + Teams,yes,0.5370370370370371,0.45441124770603064,30.0
2010,NYA,New York Yankees,206333389.0,95,67.0,True,False,Lahman (SABR) Salaries + Teams,yes,0.5864197530864198,2.446873100400327,1.0
2010,BOS,Boston Red Sox,162447333.0,89,73.0,False,False,Lahman (SABR) Salaries + Teams,yes,0.5493827160493827,1.9264357129784475,2.0
2010,CHN,Chicago Cubs,146609000.0,75,87.0,False,False,Lahman (SABR) Salaries + Teams,yes,0.46296296296296297,1.7386115747684032,3.0
2010,PHI,Philadelphia Phillies,141928379.0,97,65.0,True,False,Lahman (SABR) Salaries + Teams,yes,0.5987654320987654,1.6831048743086494,4.0
2010,NYN,New York Mets,134422942.0,79,83.0,False,False,Lahman (SABR) Salaries + Teams,yes,0.4876543209876543,1.5940991540466256,5.0
2010,DET,Detroit Tigers,122864928.0,81,81.0,False,False,Lahman (SABR) Salaries + Teams,yes,0.5,1.4570346019268017,6.0
2010,CHA,Chicago White Sox,105530000.0,88,74.0,False,False,Lahman (SABR) Salaries + Teams,yes,0.5432098765432098,1.2514625942834996,7.0
2010,LAA,Los Angeles Angels of Anaheim,104963866.0,80,82.0,False,False,Lahman (SABR) Salaries + Teams,yes,0.49382716049382713,1.2447489060019485,8.0
2010,SFN,San Francisco Giants,98641333.0,92,70.0,True,True,Lahman (SABR) Salaries + Teams,yes,0.5679012345679012,1.169771046145765,9.0
2010,MIN,Minnesota Twins,97559166.0,94,68.0,True,False,Lahman (SABR) Salaries + Teams,yes,0.5802469135802469,1.1569378089500104,10.0
2010,LAN,Los Angeles Dodgers,95358016.0,80,82.0,False,False,Lahman (SABR) Salaries + Teams,yes,0.49382716049382713,1.1308347397809861,11.0
2010,SLN,St. Louis Cardinals,93540751.0,86,76.0,False,False,Lahman (SABR) Salaries + Teams,yes,0.5308641975308642,1.109284098528256,12.0
2010,HOU,Houston Astros,92355500.0,76,86.0,False,False,Lahman (SABR) Salaries + Teams,yes,0.4691358024691358,1.0952284054425259,13.0
2010,SEA,Seattle Mariners,86510000.0,61,101.0,False,False,Lahman (SABR) Salaries + Teams,yes,0.3765432098765432,1.0259076000328395,14.0
2010,ATL,Atlanta Braves,84423666.0,91,71.0,True,False,Lahman (SABR) Salaries + Teams,yes,0.5617283950617284,1.001166114576743,15.0
2010,COL,Colorado Rockies,84227000.0,83,79.0,False,False,Lahman (SABR) Salaries + Teams,yes,0.5123456790123457,0.9988338854232571,16.0
2010,BAL,Baltimore Orioles,81612500.0,66,96.0,False,False,Lahman (SABR) Salaries + Teams,yes,0.4074074074074074,0.9678289678381703,17.0
2010,MIL,Milwaukee Brewers,81108278.0,77,85.0,False,False,Lahman (SABR) Salaries + Teams,yes,0.47530864197530864,0.9618494835946868,18.0
2010,TBA,Tampa Bay Rays,71923471.0,96,66.0,True,False,Lahman (SABR) Salaries + Teams,yes,0.5925925925925926,0.8529283957882503,19.0
2010,CIN,Cincinnati Reds,71761542.0,91,71.0,True,False,Lahman (SABR) Salaries + Teams,yes,0.5617283950617284,0.8510081068995008,20.0
2010,KCA,Kansas City Royals,71405210.0,67,95.0,False,False,Lahman (SABR) Salaries + Teams,yes,0.41358024691358025,0.846782425395225,21.0
2010,TOR,Toronto Blue Jays,62234000.0,85,77.0,False,False,Lahman (SABR) Salaries + Teams,yes,0.5246913580246914,0.7380225821343629,22.0
2010,WAS,Washington Nationals,61400000.0,69,93.0,False,False,Lahman (SABR) Salaries + Teams,yes,0.42592592592592593,0.7281323158249491,23.0
2010,CLE,Cleveland Indians,61203966.0,69,93.0,False,False,Lahman (SABR) Salaries + Teams,yes,0.42592592592592593,0.7258075814536066,24.0
2010,ARI,Arizona Diamondbacks,60718166.0,65,97.0,False,False,Lahman (SABR) Salaries + Teams,yes,0.4012345679012346,0.7200465606225356,25.0
2010,FLO,Florida Marlins,57029719.0,80,82.0,False,False,Lahman (SABR) Salaries + Teams,yes,0.49382716049382713,0.6763058854448876,26.0
2010,OAK,Oakland Athletics,55254900.0,81,81.0,False,False,Lahman (SABR) Salaries + Teams,yes,0.5,0.6552586041966771,27.0
2010,TEX,Texas Rangers,55250544.0,90,72.0,True,False,Lahman (SABR) Salaries + Teams,yes,0.5555555555555556,0.6552069471222841,28.0
2010,SDN,San Diego Padres,37799300.0,90,72.0,False,False,Lahman (SABR) Salaries + Teams,yes,0.5555555555555556,0.4482555675172964,29.0
2010,PIT,Pittsburgh Pirates,34943000.0,57,105.0,False,False,Lahman (SABR) Salaries + Teams,yes,0.35185185185185186,0.41438318423242987,30.0
2011,NYA,New York Yankees,202275028.0,97,65.0,True,False,Lahman (SABR) Salaries + Teams,yes,0.5987654320987654,2.336909265176472,1.0
2011,PHI,Philadelphia Phillies,172976379.0,102,60.0,True,False,Lahman (SABR) Salaries + Teams,yes,0.6296296296296297,1.9984182266027268,2.0
2011,BOS,Boston Red Sox,161762475.0,90,72.0,False,False,Lahman (SABR) Salaries + Teams,yes,0.5555555555555556,1.8688625596698838,3.0
2011,LAA,Los Angeles Angels of Anaheim,138543166.0,86,76.0,False,False,Lahman (SABR) Salaries + Teams,yes,0.5308641975308642,1.6006069135349814,4.0
2011,CHA,Chicago White Sox,127789000.0,79,83.0,False,False,Lahman (SABR) Salaries + Teams,yes,0.4876543209876543,1.4763626585068927,5.0
2011,CHN,Chicago Cubs,125047329.0,71,91.0,False,False,Lahman (SABR) Salaries + Teams,yes,0.4382716049382716,1.4446877828422326,6.0
2011,NYN,New York Mets,118847309.0,77,85.0,False,False,Lahman (SABR) Salaries + Teams,yes,0.47530864197530864,1.3730581589309734,7.0
2011,SFN,San Francisco Giants,118198333.0,86,76.0,False,False,Lahman (SABR) Salaries + Teams,yes,0.5308641975308642,1.3655604562126864,8.0
2011,MIN,Minnesota Twins,112737000.0,63,99.0,False,False,Lahman (SABR) Salaries + Teams,yes,0.3888888888888889,1.3024649776748511,9.0
2011,DET,Detroit Tigers,105700231.0,95,67.0,True,False,Lahman (SABR) Salaries + Teams,yes,0.5864197530864198,1.2211682855641148,10.0
2011,SLN,St. Louis Cardinals,105433572.0,90,72.0,True,True,Lahman (SABR) Salaries + Teams,yes,0.5555555555555556,1.2180875400370759,11.0
2011,LAN,Los Angeles Dodgers,104188999.0,82,79.0,False,False,Lahman (SABR) Salaries + Teams,yes,0.5093167701863354,1.2037088290135456,12.0
2011,TEX,Texas Rangers,92299264.0,96,66.0,True,False,Lahman (SABR) Salaries + Teams,yes,0.5925925925925926,1.0663452001132299,13.0
2011,COL,Colorado Rockies,88148071.0,73,89.0,False,False,Lahman (SABR) Salaries + Teams,yes,0.4506172839506173,1.0183859365345556,14.0
2011,ATL,Atlanta Braves,87002692.0,89,73.0,False,False,Lahman (SABR) Salaries + Teams,yes,0.5493827160493827,1.0051532264778373,15.0
2011,SEA,Seattle Mariners,86110600.0,67,95.0,False,False,Lahman (SABR) Salaries + Teams,yes,0.41358024691358025,0.9948467735221626,16.0
2011,MIL,Milwaukee Brewers,85497333.0,96,66.0,True,False,Lahman (SABR) Salaries + Teams,yes,0.5925925925925926,0.9877616214473005,17.0
2011,BAL,Baltimore Orioles,85304038.0,69,93.0,False,False,Lahman (SABR) Salaries + Teams,yes,0.42592592592592593,0.9855284595939635,18.0
2011,CIN,Cincinnati Reds,75947134.0,79,83.0,False,False,Lahman (SABR) Salaries + Teams,yes,0.4876543209876543,0.8774269511320945,19.0
2011,HOU,Houston Astros,70694000.0,56,106.0,False,False,Lahman (SABR) Salaries + Teams,yes,0.345679012345679,0.8167368222655023,20.0
2011,OAK,Oakland Athletics,66536500.0,74,88.0,False,False,Lahman (SABR) Salaries + Teams,yes,0.4567901234567901,0.7687046931092963,21.0
2011,WAS,Washington Nationals,63856928.0,80,81.0,False,False,Lahman (SABR) Salaries + Teams,yes,0.4968944099378882,0.7377472551327832,22.0
2011,TOR,Toronto Blue Jays,62567800.0,81,81.0,False,False,Lahman (SABR) Salaries + Teams,yes,0.5,0.7228537944966121,23.0
2011,FLO,Florida Marlins,56944000.0,72,90.0,False,False,Lahman (SABR) Salaries + Teams,yes,0.4444444444444444,0.6578813139316881,24.0
2011,ARI,Arizona Diamondbacks,53639833.0,94,68.0,True,False,Lahman (SABR) Salaries + Teams,yes,0.5802469135802469,0.6197078500477017,25.0
2011,CLE,Cleveland Indians,48776566.0,80,82.0,False,False,Lahman (SABR) Salaries + Teams,yes,0.49382716049382713,0.5635219044878426,26.0
2011,SDN,San Diego Padres,45869140.0,71,91.0,False,False,Lahman (SABR) Salaries + Teams,yes,0.4382716049382716,0.5299320401116282,27.0
2011,PIT,Pittsburgh Pirates,45047000.0,72,90.0,False,False,Lahman (SABR) Salaries + Teams,yes,0.4444444444444444,0.5204337515573327,28.0
2011,TBA,Tampa Bay Rays,41053571.0,91,71.0,True,False,Lahman (SABR) Salaries + Teams,yes,0.5617283950617284,0.4742971556453331,29.0
2011,KCA,Kansas City Royals,35712000.0,71,91.0,False,False,Lahman (SABR) Salaries + Teams,yes,0.4382716049382716,0.41258530280852146,30.0
2012,NYA,New York Yankees,196522289.0,95,67.0,True,False,Lahman (SABR) Salaries + Teams,yes,0.5864197530864198,2.298143775272877,1.0
2012,PHI,Philadelphia Phillies,174538938.0,81,81.0,False,False,Lahman (SABR) Salaries + Teams,yes,0.5,2.0410691120508915,2.0
2012,BOS,Boston Red Sox,173186617.0,69,93.0,False,False,Lahman (SABR) Salaries + Teams,yes,0.42592592592592593,2.025254986822985,3.0
2012,LAA,Los Angeles Angels of Anaheim,154485166.0,89,73.0,False,False,Lahman (SABR) Salaries + Teams,yes,0.5493827160493827,1.8065590647323324,4.0
2012,DET,Detroit Tigers,132300000.0,88,74.0,True,False,Lahman (SABR) Salaries + Teams,yes,0.5432098765432098,1.547124364446018,5.0
2012,TEX,Texas Rangers,120510974.0,93,69.0,True,False,Lahman (SABR) Salaries + Teams,yes,0.5740740740740741,1.4092627668822417,6.0
2012,MIA,Miami Marlins,118078000.0,69,93.0,False,False,Lahman (SABR) Salaries + Teams,yes,0.42592592592592593,1.380811418783499,7.0
2012,SFN,San Francisco Giants,117620683.0,94,68.0,True,True,Lahman (SABR) Salaries + Teams,yes,0.5802469135802469,1.3754635255637304,8.0
2012,SLN,St. Louis Cardinals,110300862.0,88,74.0,True,False,Lahman (SABR) Salaries + Teams,yes,0.5432098765432098,1.289865087071791,9.0
2012,MIL,Milwaukee Brewers,97653944.0,83,79.0,False,False,Lahman (SABR) Salaries + Teams,yes,0.5123456790123457,1.141971247518118,10.0
2012,CHA,Chicago White Sox,96919500.0,85,77.0,False,False,Lahman (SABR) Salaries + Teams,yes,0.5246913580246914,1.1333826140583962,11.0
2012,LAN,Los Angeles Dodgers,95143575.0,86,76.0,False,False,Lahman (SABR) Salaries + Teams,yes,0.5308641975308642,1.1126148375132052,12.0
2012,MIN,Minnesota Twins,94085000.0,66,96.0,False,False,Lahman (SABR) Salaries + Teams,yes,0.4074074074074074,1.1002357961368374,13.0
2012,NYN,New York Mets,93353983.0,74,88.0,False,False,Lahman (SABR) Salaries + Teams,yes,0.4567901234567901,1.0916872382266014,14.0
2012,CHN,Chicago Cubs,88197033.0,61,101.0,False,False,Lahman (SABR) Salaries + Teams,yes,0.3765432098765432,1.0313815466829137,15.0
2012,ATL,Atlanta Braves,82829942.0,94,68.0,True,False,Lahman (SABR) Salaries + Teams,yes,0.5802469135802469,0.9686184533170864,16.0
2012,CIN,Cincinnati Reds,82203616.0,97,65.0,True,False,Lahman (SABR) Salaries + Teams,yes,0.5987654320987654,0.9612941584215005,17.0
2012,SEA,Seattle Mariners,81978100.0,75,87.0,False,False,Lahman (SABR) Salaries + Teams,yes,0.46296296296296297,0.958656960400545,18.0
2012,WAS,Washington Nationals,80855143.0,98,64.0,True,False,Lahman (SABR) Salaries + Teams,yes,0.6049382716049383,0.9455250319430605,19.0
2012,CLE,Cleveland Indians,78430300.0,68,94.0,False,False,Lahman (SABR) Salaries + Teams,yes,0.41975308641975306,0.9171687682600946,20.0
2012,COL,Colorado Rockies,78069571.0,64,98.0,False,False,Lahman (SABR) Salaries + Teams,yes,0.3950617283950617,0.9129503810729273,21.0
2012,BAL,Baltimore Orioles,77353999.0,93,69.0,True,False,Lahman (SABR) Salaries + Teams,yes,0.5740740740740741,0.9045824379458269,22.0
2012,TOR,Toronto Blue Jays,75009200.0,73,89.0,False,False,Lahman (SABR) Salaries + Teams,yes,0.4506172839506173,0.8771622137385053,23.0
2012,ARI,Arizona Diamondbacks,73804833.0,81,81.0,False,False,Lahman (SABR) Salaries + Teams,yes,0.5,0.8630782717170785,24.0
2012,TBA,Tampa Bay Rays,64173500.0,90,72.0,False,False,Lahman (SABR) Salaries + Teams,yes,0.5555555555555556,0.7504488692500115,25.0
2012,PIT,Pittsburgh Pirates,62951999.0,79,83.0,False,False,Lahman (SABR) Salaries + Teams,yes,0.4876543209876543,0.7361645611752181,26.0
2012,KCA,Kansas City Royals,60916225.0,72,90.0,False,False,Lahman (SABR) Salaries + Teams,yes,0.4444444444444444,0.7123580943883268,27.0
2012,HOU,Houston Astros,60651000.0,55,107.0,False,False,Lahman (SABR) Salaries + Teams,yes,0.3395061728395062,0.709256536870865,28.0
2012,OAK,Oakland Athletics,55372500.0,94,68.0,True,False,Lahman (SABR) Salaries + Teams,yes,0.5802469135802469,0.647529432126131,29.0
2012,SDN,San Diego Padres,55244700.0,76,86.0,False,False,Lahman (SABR) Salaries + Teams,yes,0.4691358024691358,0.6460349310393873,30.0
2013,NYA,New York Yankees,231978886.0,85,77.0,False,False,Lahman (SABR) Salaries + Teams,yes,0.5246913580246914,2.6064527205289894,1.0
2013,LAN,Los Angeles Dodgers,223362196.0,92,70.0,True,False,Lahman (SABR) Salaries + Teams,yes,0.5679012345679012,2.5096378962158195,2.0
2013,PHI,Philadelphia Phillies,169863189.0,73,89.0,False,False,Lahman (SABR) Salaries + Teams,yes,0.4506172839506173,1.9085373618303345,3.0
2013,BOS,Boston Red Sox,151530000.0,97,65.0,True,True,Lahman (SABR) Salaries + Teams,yes,0.5987654320987654,1.7025505534230292,4.0
2013,DET,Detroit Tigers,145989500.0,93,69.0,True,False,Lahman (SABR) Salaries + Teams,yes,0.5740740740740741,1.6402989772253105,5.0
2013,SFN,San Francisco Giants,140180334.0,76,86.0,False,False,Lahman (SABR) Salaries + Teams,yes,0.4691358024691358,1.5750287417060982,6.0
2013,TOR,Toronto Blue Jays,126288100.0,74,88.0,False,False,Lahman (SABR) Salaries + Teams,yes,0.4567901234567901,1.4189393159489398,7.0
2013,LAA,Los Angeles Angels of Anaheim,124174750.0,78,84.0,False,False,Lahman (SABR) Salaries + Teams,yes,0.48148148148148145,1.3951942805627024,8.0
2013,CHA,Chicago White Sox,120065277.0,63,99.0,False,False,Lahman (SABR) Salaries + Teams,yes,0.3888888888888889,1.3490213410099603,9.0
2013,WAS,Washington Nationals,113703270.0,86,76.0,False,False,Lahman (SABR) Salaries + Teams,yes,0.5308641975308642,1.27753953187163,10.0
2013,TEX,Texas Rangers,112522600.0,91,72.0,False,False,Lahman (SABR) Salaries + Teams,yes,0.558282208588957,1.2642738395208746,11.0
2013,CIN,Cincinnati Reds,106404462.0,90,72.0,True,False,Lahman (SABR) Salaries + Teams,yes,0.5555555555555556,1.195532077243976,12.0
2013,CHN,Chicago Cubs,100567726.0,66,96.0,False,False,Lahman (SABR) Salaries + Teams,yes,0.4074074074074074,1.129952072578338,13.0
2013,SLN,St. Louis Cardinals,92260110.0,97,65.0,True,False,Lahman (SABR) Salaries + Teams,yes,0.5987654320987654,1.0366099210675743,14.0
2013,ARI,Arizona Diamondbacks,90132000.0,81,81.0,False,False,Lahman (SABR) Salaries + Teams,yes,0.5,1.0126990462688872,15.0
2013,ATL,Atlanta Braves,87871525.0,96,66.0,True,False,Lahman (SABR) Salaries + Teams,yes,0.5925925925925926,0.9873009537311129,16.0
2013,BAL,Baltimore Orioles,84393333.0,85,77.0,False,False,Lahman (SABR) Salaries + Teams,yes,0.5246913580246914,0.9482209186587738,17.0
2013,KCA,Kansas City Royals,80091725.0,86,76.0,False,False,Lahman (SABR) Salaries + Teams,yes,0.5308641975308642,0.8998892016323834,18.0
2013,PIT,Pittsburgh Pirates,77062000.0,94,68.0,True,False,Lahman (SABR) Salaries + Teams,yes,0.5802469135802469,0.8658480218299047,19.0
2013,MIL,Milwaukee Brewers,76947033.0,74,88.0,False,False,Lahman (SABR) Salaries + Teams,yes,0.4567901234567901,0.8645562833657368,20.0
2013,CLE,Cleveland Indians,75771800.0,92,70.0,True,False,Lahman (SABR) Salaries + Teams,yes,0.5679012345679012,0.85135167969286,21.0
2013,MIN,Minnesota Twins,75337500.0,66,96.0,False,False,Lahman (SABR) Salaries + Teams,yes,0.4074074074074074,0.8464720010460467,22.0
2013,COL,Colorado Rockies,74409071.0,74,88.0,False,False,Lahman (SABR) Salaries + Teams,yes,0.4567901234567901,0.8360404211096382,23.0
2013,SEA,Seattle Mariners,74005043.0,71,91.0,False,False,Lahman (SABR) Salaries + Teams,yes,0.4382716049382716,0.8315008705586027,24.0
2013,SDN,San Diego Padres,65585500.0,76,86.0,False,False,Lahman (SABR) Salaries + Teams,yes,0.4691358024691358,0.7369011372106254,25.0
2013,OAK,Oakland Athletics,60132500.0,96,66.0,True,False,Lahman (SABR) Salaries + Teams,yes,0.5925925925925926,0.6756326876111021,26.0
2013,TBA,Tampa Bay Rays,52955272.0,92,71.0,True,False,Lahman (SABR) Salaries + Teams,yes,0.5644171779141104,0.5949912733469744,27.0
2013,NYN,New York Mets,49448346.0,74,88.0,False,False,Lahman (SABR) Salaries + Teams,yes,0.4567901234567901,0.5555883907355206,28.0
2013,MIA,Miami Marlins,33601900.0,62,100.0,False,False,Lahman (SABR) Salaries + Teams,yes,0.38271604938271603,0.37754196159879416,29.0
2013,HOU,Houston Astros,17890700.0,51,111.0,False,False,Lahman (SABR) Salaries + Teams,yes,0.3148148148148148,0.20101512034663357,30.0
2014,LAN,Los Angeles Dodgers,217014600.0,94,68.0,True,False,Lahman (SABR) Salaries + Teams,yes,0.5802469135802469,2.220433262308123,1.0
2014,NYA,New York Yankees,197543907.0,84,78.0,False,False,Lahman (SABR) Salaries + Teams,yes,0.5185185185185185,2.0212145259770655,2.0
2014,PHI,Philadelphia Phillies,180944967.0,73,89.0,False,False,Lahman (SABR) Salaries + Teams,yes,0.4506172839506173,1.8513787707096467,3.0
2014,SFN,San Francisco Giants,163510167.0,88,74.0,True,True,Lahman (SABR) Salaries + Teams,yes,0.5432098765432098,1.6729907275010807,4.0
2014,DET,Detroit Tigers,152855500.0,90,72.0,True,False,Lahman (SABR) Salaries + Teams,yes,0.5555555555555556,1.5639751266815196,5.0
2014,BOS,Boston Red Sox,139019929.0,71,91.0,False,False,Lahman (SABR) Salaries + Teams,yes,0.4382716049382716,1.4224133974180246,6.0
2014,WAS,Washington Nationals,131983680.0,96,66.0,True,False,Lahman (SABR) Salaries + Teams,yes,0.5925925925925926,1.3504204470751342,7.0
2014,LAA,Los Angeles Angels of Anaheim,121988250.0,98,64.0,True,False,Lahman (SABR) Salaries + Teams,yes,0.6049382716049383,1.2481499765949338,8.0
2014,SLN,St. Louis Cardinals,120693000.0,90,72.0,True,False,Lahman (SABR) Salaries + Teams,yes,0.5555555555555556,1.2348973374498966,9.0
2014,TEX,Texas Rangers,112255059.0,67,95.0,False,False,Lahman (SABR) Salaries + Teams,yes,0.41358024691358025,1.1485626629082137,10.0
2014,TOR,Toronto Blue Jays,109920100.0,83,79.0,False,False,Lahman (SABR) Salaries + Teams,yes,0.5123456790123457,1.1246720093313314,11.0
2014,CIN,Cincinnati Reds,108217500.0,76,86.0,False,False,Lahman (SABR) Salaries + Teams,yes,0.4691358024691358,1.1072514778444829,12.0
2014,BAL,Baltimore Orioles,103416000.0,96,66.0,True,False,Lahman (SABR) Salaries + Teams,yes,0.5925925925925926,1.0581238601221157,13.0
2014,MIL,Milwaukee Brewers,101217000.0,82,80.0,False,False,Lahman (SABR) Salaries + Teams,yes,0.5061728395061729,1.0356243013651676,14.0
2014,ARI,Arizona Diamondbacks,97861500.0,64,98.0,False,False,Lahman (SABR) Salaries + Teams,yes,0.3950617283950617,1.0012917550218574,15.0
2014,ATL,Atlanta Braves,97609000.0,79,83.0,False,False,Lahman (SABR) Salaries + Teams,yes,0.4876543209876543,0.9987082449781425,16.0
2014,COL,Colorado Rockies,95403500.0,66,96.0,False,False,Lahman (SABR) Salaries + Teams,yes,0.4074074074074074,0.9761421800220493,17.0
2014,SEA,Seattle Mariners,92531100.0,87,75.0,False,False,Lahman (SABR) Salaries + Teams,yes,0.5370370370370371,0.9467525790336649,18.0
2014,NYN,New York Mets,85556990.0,79,83.0,False,False,Lahman (SABR) Salaries + Teams,yes,0.4876543209876543,0.8753954177228789,19.0
2014,MIN,Minnesota Twins,83762500.0,70,92.0,False,False,Lahman (SABR) Salaries + Teams,yes,0.43209876543209874,0.8570346932145771,20.0
2014,CLE,Cleveland Indians,82151899.0,85,77.0,False,False,Lahman (SABR) Salaries + Teams,yes,0.5246913580246914,0.8405554700069832,21.0
2014,CHA,Chicago White Sox,81830500.0,73,89.0,False,False,Lahman (SABR) Salaries + Teams,yes,0.4506172839506173,0.8372670044840526,22.0
2014,PIT,Pittsburgh Pirates,77178000.0,88,74.0,True,False,Lahman (SABR) Salaries + Teams,yes,0.5432098765432098,0.7896639134805508,23.0
2014,SDN,San Diego Padres,75685700.0,77,85.0,False,False,Lahman (SABR) Salaries + Teams,yes,0.47530864197530864,0.7743951133291213,24.0
2014,KCA,Kansas City Royals,74594075.0,89,73.0,True,False,Lahman (SABR) Salaries + Teams,yes,0.5493827160493827,0.7632259087688423,25.0
2014,TBA,Tampa Bay Rays,72689100.0,77,85.0,False,False,Lahman (SABR) Salaries + Teams,yes,0.47530864197530864,0.7437347323509174,26.0
2014,OAK,Oakland Athletics,72408400.0,88,74.0,True,False,Lahman (SABR) Salaries + Teams,yes,0.5432098765432098,0.740862687720142,27.0
2014,CHN,Chicago Cubs,65522500.0,73,89.0,False,False,Lahman (SABR) Salaries + Teams,yes,0.4506172839506173,0.6704080666903701,28.0
2014,MIA,Miami Marlins,41836900.0,77,85.0,False,False,Lahman (SABR) Salaries + Teams,yes,0.47530864197530864,0.4280635696946598,29.0
2014,HOU,Houston Astros,35116300.0,70,92.0,False,False,Lahman (SABR) Salaries + Teams,yes,0.43209876543209874,0.3593002524677637,30.0
2015,LAN,Los Angeles Dodgers,215792000.0,92,70.0,True,False,Lahman (SABR) Salaries + Teams,yes,0.5679012345679012,1.9150351361628923,1.0
2015,NYA,New York Yankees,212751957.0,87,75.0,True,False,Lahman (SABR) Salaries + Teams,yes,0.5370370370370371,1.888056429072518,2.0
2015,BOS,Boston Red Sox,181103400.0,78,84.0,False,False,Lahman (SABR) Salaries + Teams,yes,0.48148148148148145,1.607192918544537,3.0
2015,DET,Detroit Tigers,172284750.0,74,87.0,False,False,Lahman (SABR) Salaries + Teams,yes,0.45962732919254656,1.5289322573359525,4.0
2015,SFN,San Francisco Giants,164701500.0,84,78.0,False,False,Lahman (SABR) Salaries + Teams,yes,0.5185185185185185,1.461635090636968,5.0
2015,WAS,Washington Nationals,155587472.0,83,79.0,False,False,Lahman (SABR) Salaries + Teams,yes,0.5123456790123457,1.3807531123802559,6.0
2015,TEX,Texas Rangers,143742789.0,88,74.0,True,False,Lahman (SABR) Salaries + Teams,yes,0.5432098765432098,1.2756380751142253,7.0
2015,SEA,Seattle Mariners,122208700.0,76,86.0,False,False,Lahman (SABR) Salaries + Teams,yes,0.4691358024691358,1.0845348967746258,8.0
2015,LAA,Los Angeles Angels of Anaheim,120005415.0,85,77.0,False,False,Lahman (SABR) Salaries + Teams,yes,0.5246913580246914,1.0649819560262168,9.0
2015,SLN,St. Louis Cardinals,119241500.0,100,62.0,True,False,Lahman (SABR) Salaries + Teams,yes,0.6172839506172839,1.0582026311854356,10.0
2015,SDN,San Diego Padres,118441300.0,74,88.0,False,False,Lahman (SABR) Salaries + Teams,yes,0.4567901234567901,1.0511012969563744,11.0
2015,CHN,Chicago Cubs,115879310.0,97,65.0,True,False,Lahman (SABR) Salaries + Teams,yes,0.5987654320987654,1.0283650469169943,12.0
2015,BAL,Baltimore Orioles,115044833.0,81,81.0,False,False,Lahman (SABR) Salaries + Teams,yes,0.5,1.0209595231935948,13.0
2015,CIN,Cincinnati Reds,113072286.0,64,98.0,False,False,Lahman (SABR) Salaries + Teams,yes,0.3950617283950617,1.0034542550987038,14.0
2015,TOR,Toronto Blue Jays,112992400.0,93,69.0,True,False,Lahman (SABR) Salaries + Teams,yes,0.5740740740740741,1.002745310851987,15.0
2015,CHA,Chicago White Sox,112373700.0,76,86.0,False,False,Lahman (SABR) Salaries + Teams,yes,0.4691358024691358,0.997254689148013,16.0
2015,KCA,Kansas City Royals,112107025.0,95,67.0,True,True,Lahman (SABR) Salaries + Teams,yes,0.5864197530864198,0.9948880954145277,17.0
2015,PHI,Philadelphia Phillies,111693000.0,63,99.0,False,False,Lahman (SABR) Salaries + Teams,yes,0.3888888888888889,0.9912138515952488,18.0
2015,MIN,Minnesota Twins,107755000.0,83,79.0,False,False,Lahman (SABR) Salaries + Teams,yes,0.5123456790123457,0.9562662707479075,19.0
2015,MIL,Milwaukee Brewers,100850000.0,68,94.0,False,False,Lahman (SABR) Salaries + Teams,yes,0.41975308641975306,0.8949881992012109,20.0
2015,NYN,New York Mets,96766683.0,90,72.0,True,False,Lahman (SABR) Salaries + Teams,yes,0.5555555555555556,0.8587510100232466,21.0
2015,COL,Colorado Rockies,95688600.0,68,94.0,False,False,Lahman (SABR) Salaries + Teams,yes,0.41975308641975306,0.8491836172343578,22.0
2015,PIT,Pittsburgh Pirates,88892499.0,98,64.0,True,False,Lahman (SABR) Salaries + Teams,yes,0.6049382716049383,0.7888719643282641,23.0
2015,CLE,Cleveland Indians,87663766.0,81,80.0,False,False,Lahman (SABR) Salaries + Teams,yes,0.5031055900621118,0.7779676357713072,24.0
2015,OAK,Oakland Athletics,79053501.0,68,94.0,False,False,Lahman (SABR) Salaries + Teams,yes,0.41975308641975306,0.7015562766538535,25.0
2015,HOU,Houston Astros,72256200.0,86,76.0,True,False,Lahman (SABR) Salaries + Teams,yes,0.5308641975308642,0.641233974408751,26.0
2015,ATL,Atlanta Braves,71781250.0,67,95.0,False,False,Lahman (SABR) Salaries + Teams,yes,0.41358024691358025,0.637019054773544,27.0
2015,MIA,Miami Marlins,68056500.0,71,91.0,False,False,Lahman (SABR) Salaries + Teams,yes,0.4382716049382716,0.6039639502125652,28.0
2015,TBA,Tampa Bay Rays,64521233.0,80,82.0,False,False,Lahman (SABR) Salaries + Teams,yes,0.49382716049382713,0.5725904029044298,29.0
2015,ARI,Arizona Diamondbacks,61834000.0,79,83.0,False,False,Lahman (SABR) Salaries + Teams,yes,0.4876543209876543,0.548742690227146,30.0
2016,NYA,New York Yankees,222997792.0,84,78.0,False,False,Lahman (SABR) Salaries + Teams,yes,0.5185185185185185,1.8242188241351873,1.0
2016,LAN,Los Angeles Dodgers,221288380.0,91,71.0,True,False,Lahman (SABR) Salaries + Teams,yes,0.5617283950617284,1.8102350912890677,2.0
2016,DET,Detroit Tigers,194876481.0,86,75.0,False,False,Lahman (SABR) Salaries + Teams,yes,0.5341614906832298,1.5941742823239398,3.0
2016,BOS,Boston Red Sox,188545761.0,93,69.0,True,False,Lahman (SABR) Salaries + Teams,yes,0.5740740740740741,1.5423862422238426,4.0
2016,TEX,Texas Rangers,176038723.0,95,67.0,True,False,Lahman (SABR) Salaries + Teams,yes,0.5864197530864198,1.4400732374664946,5.0
2016,SFN,San Francisco Giants,172253778.0,87,75.0,True,False,Lahman (SABR) Salaries + Teams,yes,0.5370370370370371,1.4091107429261165,6.0
2016,BAL,Baltimore Orioles,161863456.0,89,73.0,True,False,Lahman (SABR) Salaries + Teams,yes,0.5493827160493827,1.324113394695754,7.0
2016,CHN,Chicago Cubs,154067668.0,103,58.0,True,True,Lahman (SABR) Salaries + Teams,yes,0.639751552795031,1.260340461829373,8.0
2016,SLN,St. Louis Cardinals,143053500.0,86,76.0,False,False,Lahman (SABR) Salaries + Teams,yes,0.5308641975308642,1.1702397822774093,9.0
2016,WAS,Washington Nationals,141652646.0,95,67.0,True,False,Lahman (SABR) Salaries + Teams,yes,0.5864197530864198,1.1587801879301027,10.0
2016,TOR,Toronto Blue Jays,138701700.0,89,73.0,True,False,Lahman (SABR) Salaries + Teams,yes,0.5493827160493827,1.1346401675562399,11.0
2016,LAA,Los Angeles Angels of Anaheim,137251333.0,74,88.0,False,False,Lahman (SABR) Salaries + Teams,yes,0.4567901234567901,1.1227755353570812,12.0
2016,SEA,Seattle Mariners,135683339.0,86,76.0,False,False,Lahman (SABR) Salaries + Teams,yes,0.5308641975308642,1.1099486631926652,13.0
2016,NYN,New York Mets,133889129.0,87,75.0,True,False,Lahman (SABR) Salaries + Teams,yes,0.5370370370370371,1.0952712458644631,14.0
2016,KCA,Kansas City Royals,131487125.0,81,81.0,False,False,Lahman (SABR) Salaries + Teams,yes,0.5,1.0756218095487529,15.0
2016,CHA,Chicago White Sox,112998667.0,78,84.0,False,False,Lahman (SABR) Salaries + Teams,yes,0.48148148148148145,0.9243781904512471,16.0
2016,COL,Colorado Rockies,112645071.0,75,87.0,False,False,Lahman (SABR) Salaries + Teams,yes,0.46296296296296297,0.9214856215448299,17.0
2016,PIT,Pittsburgh Pirates,103778833.0,78,83.0,False,False,Lahman (SABR) Salaries + Teams,yes,0.484472049689441,0.8489559426013599,18.0
2016,MIN,Minnesota Twins,102583200.0,59,103.0,False,False,Lahman (SABR) Salaries + Teams,yes,0.36419753086419754,0.8391751451961674,19.0
2016,SDN,San Diego Padres,101424814.0,68,94.0,False,False,Lahman (SABR) Salaries + Teams,yes,0.41975308641975306,0.8296990444336332,20.0
2016,HOU,Houston Astros,94893700.0,84,78.0,False,False,Lahman (SABR) Salaries + Teams,yes,0.5185185185185185,0.7762716943486024,21.0
2016,CIN,Cincinnati Reds,88940059.0,68,94.0,False,False,Lahman (SABR) Salaries + Teams,yes,0.41975308641975306,0.7275683242975526,22.0
2016,ARI,Arizona Diamondbacks,87439063.0,69,93.0,False,False,Lahman (SABR) Salaries + Teams,yes,0.42592592592592593,0.715289524881675,23.0
2016,OAK,Oakland Athletics,86806234.0,69,93.0,False,False,Lahman (SABR) Salaries + Teams,yes,0.42592592592592593,0.7101127087172411,24.0
2016,MIA,Miami Marlins,77314202.0,79,82.0,False,False,Lahman (SABR) Salaries + Teams,yes,0.4906832298136646,0.6324637629658251,25.0
2016,CLE,Cleveland Indians,74311900.0,94,67.0,True,False,Lahman (SABR) Salaries + Teams,yes,0.5838509316770186,0.6079036281993843,26.0
2016,MIL,Milwaukee Brewers,68775237.0,73,89.0,False,False,Lahman (SABR) Salaries + Teams,yes,0.4506172839506173,0.562611319352251,27.0
2016,ATL,Atlanta Braves,68498291.0,68,93.0,False,False,Lahman (SABR) Salaries + Teams,yes,0.422360248447205,0.5603457807478645,28.0
2016,PHI,Philadelphia Phillies,58980000.0,71,91.0,False,False,Lahman (SABR) Salaries + Teams,yes,0.4382716049382716,0.48248202496773307,29.0
2016,TBA,Tampa Bay Rays,57097310.0,68,94.0,False,False,Lahman (SABR) Salaries + Teams,yes,0.41975308641975306,0.4670808027977348,30.0
2017,TEX,Texas Rangers,207326274.0,78,84.0,,,https://www.baseball-reference.com/leagues/majors/2017-misc.shtml,yes,0.48148148148148145,1.6769827657501777,1.0
2017,LAD,Los Angeles Dodgers,201466263.0,104,58.0,,,https://www.baseball-reference.com/leagues/majors/2017-misc.shtml,yes,0.6419753086419753,1.629583382813761,2.0
2017,BOS,Boston Red Sox,200550750.0,93,69.0,,,https://www.baseball-reference.com/leagues/majors/2017-misc.shtml,yes,0.5740740740740741,1.6221781490573282,3.0
2017,NYY,New York Yankees,182424700.0,91,71.0,,,https://www.baseball-reference.com/leagues/majors/2017-misc.shtml,yes,0.5617283950617284,1.4755634780141105,4.0
2017,LAA,Los Angeles Angels,181125500.0,80,82.0,,,https://www.baseball-reference.com/leagues/majors/2017-misc.shtml,yes,0.49382716049382713,1.4650547471753812,5.0
2017,SFG,San Francisco Giants,177399833.0,64,98.0,,,https://www.baseball-reference.com/leagues/majors/2017-misc.shtml,yes,0.3950617283950617,1.4349192547971978,6.0
2017,CHC,Chicago Cubs,177210667.0,92,70.0,,,https://www.baseball-reference.com/leagues/majors/2017-misc.shtml,yes,0.5679012345679012,1.4333891635273093,7.0
2017,NYM,New York Mets,176615252.0,70,92.0,,,https://www.baseball-reference.com/leagues/majors/2017-misc.shtml,yes,0.43209876543209874,1.4285730798047556,8.0
2017,WSN,Washington Nationals,175587301.0,97,65.0,,,https://www.baseball-reference.com/leagues/majors/2017-misc.shtml,yes,0.5987654320987654,1.4202583781618965,9.0
2017,SEA,Seattle Mariners,172438700.0,78,84.0,,,https://www.baseball-reference.com/leagues/majors/2017-misc.shtml,yes,0.48148148148148145,1.3947905514781265,10.0
2017,BAL,Baltimore Orioles,161621633.0,75,87.0,,,https://www.baseball-reference.com/leagues/majors/2017-misc.shtml,yes,0.46296296296296297,1.3072954425129937,11.0
2017,TOR,Toronto Blue Jays,158890575.0,76,86.0,,,https://www.baseball-reference.com/leagues/majors/2017-misc.shtml,yes,0.4691358024691358,1.2852049611190912,12.0
2017,HOU,Houston Astros,157656400.0,101,61.0,,,https://www.baseball-reference.com/leagues/majors/2017-misc.shtml,yes,0.6234567901234568,1.275222192582385,13.0
2017,STL,St. Louis Cardinals,129652933.0,83,79.0,,,https://www.baseball-reference.com/leagues/majors/2017-misc.shtml,yes,0.5123456790123457,1.0487128812721658,14.0
2017,KCR,Kansas City Royals,127555817.0,80,82.0,,,https://www.baseball-reference.com/leagues/majors/2017-misc.shtml,yes,0.49382716049382713,1.0317501137370728,15.0
2017,ATL,Atlanta Braves,119705250.0,72,90.0,,,https://www.baseball-reference.com/leagues/majors/2017-misc.shtml,yes,0.4444444444444444,0.9682498862629271,16.0
2017,DET,Detroit Tigers,118375600.0,64,98.0,,,https://www.baseball-reference.com/leagues/majors/2017-misc.shtml,yes,0.3950617283950617,0.9574948570451651,17.0
2017,CLE,Cleveland Indians,114427167.0,102,60.0,,,https://www.baseball-reference.com/leagues/majors/2017-misc.shtml,yes,0.6296296296296297,0.925557495875402,18.0
2017,MIA,Miami Marlins,111591100.0,77,85.0,,,https://www.baseball-reference.com/leagues/majors/2017-misc.shtml,yes,0.47530864197530864,0.9026176369286637,19.0
2017,COL,Colorado Rockies,106650000.0,87,75.0,,,https://www.baseball-reference.com/leagues/majors/2017-misc.shtml,yes,0.5370370370370371,0.8626509728682842,20.0
2017,ARI,Arizona Diamondbacks,106580200.0,93,69.0,,,https://www.baseball-reference.com/leagues/majors/2017-misc.shtml,yes,0.5740740740740741,0.8620863874214374,21.0
2017,MIN,Minnesota Twins,103932500.0,85,77.0,,,https://www.baseball-reference.com/leagues/majors/2017-misc.shtml,yes,0.5246913580246914,0.8406701569398307,22.0
2017,PIT,Pittsburgh Pirates,102953333.0,75,87.0,,,https://www.baseball-reference.com/leagues/majors/2017-misc.shtml,yes,0.46296296296296297,0.8327500503748938,23.0
2017,CHW,Chicago White Sox,97842000.0,67,95.0,,,https://www.baseball-reference.com/leagues/majors/2017-misc.shtml,yes,0.41358024691358025,0.7914064368249288,24.0
2017,PHI,Philadelphia Phillies,86276000.0,66,96.0,,,https://www.baseball-reference.com/leagues/majors/2017-misc.shtml,yes,0.4074074074074074,0.6978534958760815,25.0
2017,TBR,Tampa Bay Rays,79473033.0,80,82.0,,,https://www.baseball-reference.com/leagues/majors/2017-misc.shtml,yes,0.49382716049382713,0.6428269032746672,26.0
2017,CIN,Cincinnati Reds,79315786.0,68,94.0,,,https://www.baseball-reference.com/leagues/majors/2017-misc.shtml,yes,0.41975308641975306,0.6415549925617687,27.0
2017,MIL,Milwaukee Brewers,68439300.0,86,76.0,,,https://www.baseball-reference.com/leagues/majors/2017-misc.shtml,yes,0.5308641975308642,0.5535792660799284,28.0
2017,OAK,Oakland Athletics,51560000.0,75,87.0,,,https://www.baseball-reference.com/leagues/majors/2017-misc.shtml,yes,0.46296296296296297,0.4170490779286332,29.0
2017,SDP,San Diego Padres,49248767.0,71,91.0,,,https://www.baseball-reference.com/leagues/majors/2017-misc.shtml,yes,0.4382716049382716,0.3983544000479461,30.0
2018,BOS,Boston Red Sox,222205000.0,108,54.0,,,https://www.baseball-reference.com/leagues/majors/2018-misc.shtml,yes,0.6666666666666666,1.6368143830169966,1.0
2018,CHC,Chicago Cubs,205373881.0,95,67.0,,,https://www.baseball-reference.com/leagues/majors/2018-misc.shtml,yes,0.5864197530864198,1.5128323949363023,2.0
2018,SFG,San Francisco Giants,202060277.0,73,89.0,,,https://www.baseball-reference.com/leagues/majors/2018-misc.shtml,yes,0.4506172839506173,1.488423607164548,3.0
2018,WSN,Washington Nationals,188886699.0,82,80.0,,,https://www.baseball-reference.com/leagues/majors/2018-misc.shtml,yes,0.5061728395061729,1.3913839278315165,4.0
2018,HOU,Houston Astros,172781200.0,103,59.0,,,https://www.baseball-reference.com/leagues/majors/2018-misc.shtml,yes,0.6358024691358025,1.2727470276318547,5.0
2018,LAA,Los Angeles Angels,166849666.0,80,82.0,,,https://www.baseball-reference.com/leagues/majors/2018-misc.shtml,yes,0.49382716049382713,1.2290539506778964,6.0
2018,LAD,Los Angeles Dodgers,164703429.0,92,70.0,,,https://www.baseball-reference.com/leagues/majors/2018-misc.shtml,yes,0.5679012345679012,1.2132442632677873,7.0
2018,NYM,New York Mets,161403844.0,77,85.0,,,https://www.baseball-reference.com/leagues/majors/2018-misc.shtml,yes,0.47530864197530864,1.1889387427530054,8.0
2018,NYY,New York Yankees,160643032.0,100,62.0,,,https://www.baseball-reference.com/leagues/majors/2018-misc.shtml,yes,0.6172839506172839,1.1833344223084972,9.0
2018,STL,St. Louis Cardinals,157713667.0,88,74.0,,,https://www.baseball-reference.com/leagues/majors/2018-misc.shtml,yes,0.5432098765432098,1.161756029540078,10.0
2018,SEA,Seattle Mariners,157090065.0,89,73.0,,,https://www.baseball-reference.com/leagues/majors/2018-misc.shtml,yes,0.5493827160493827,1.1571624302831838,11.0
2018,TOR,Toronto Blue Jays,151670772.0,73,89.0,,,https://www.baseball-reference.com/leagues/majors/2018-misc.shtml,yes,0.4506172839506173,1.1172426412227068,12.0
2018,CLE,Cleveland Indians,143375233.0,91,71.0,,,https://www.baseball-reference.com/leagues/majors/2018-misc.shtml,yes,0.5617283950617284,1.05613574646301,13.0
2018,BAL,Baltimore Orioles,141555833.0,47,115.0,,,https://www.baseball-reference.com/leagues/majors/2018-misc.shtml,yes,0.29012345679012347,1.0427336173999324,14.0
2018,COL,Colorado Rockies,136658500.0,91,71.0,,,https://www.baseball-reference.com/leagues/majors/2018-misc.shtml,yes,0.5617283950617284,1.0066587086767995,15.0
2018,ARI,Arizona Diamondbacks,134850600.0,82,80.0,,,https://www.baseball-reference.com/leagues/majors/2018-misc.shtml,yes,0.5061728395061729,0.9933412913232006,16.0
2018,ATL,Atlanta Braves,115848667.0,90,72.0,,,https://www.baseball-reference.com/leagues/majors/2018-misc.shtml,yes,0.5555555555555556,0.8533685758598883,17.0
2018,DET,Detroit Tigers,111531000.0,64,98.0,,,https://www.baseball-reference.com/leagues/majors/2018-misc.shtml,yes,0.3950617283950617,0.8215636234660275,18.0
2018,MIN,Minnesota Twins,110275000.0,78,84.0,,,https://www.baseball-reference.com/leagues/majors/2018-misc.shtml,yes,0.48148148148148145,0.8123116315438415,19.0
2018,MIL,Milwaukee Brewers,109295700.0,96,66.0,,,https://www.baseball-reference.com/leagues/majors/2018-misc.shtml,yes,0.5925925925925926,0.805097877014067,20.0
2018,TEX,Texas Rangers,106099628.0,67,95.0,,,https://www.baseball-reference.com/leagues/majors/2018-misc.shtml,yes,0.41358024691358025,0.7815548576456554,21.0
2018,KCR,Kansas City Royals,95199167.0,58,104.0,,,https://www.baseball-reference.com/leagues/majors/2018-misc.shtml,yes,0.35802469135802467,0.7012594936965281,22.0
2018,CIN,Cincinnati Reds,94587500.0,67,95.0,,,https://www.baseball-reference.com/leagues/majors/2018-misc.shtml,yes,0.41358024691358025,0.6967538104616015,23.0
2018,PHI,Philadelphia Phillies,93874333.0,80,82.0,,,https://www.baseball-reference.com/leagues/majors/2018-misc.shtml,yes,0.49382716049382713,0.691500454312581,24.0
2018,SDP,San Diego Padres,93821067.0,66,96.0,,,https://www.baseball-reference.com/leagues/majors/2018-misc.shtml,yes,0.4074074074074074,0.6911080844067473,25.0
2018,PIT,Pittsburgh Pirates,88141000.0,82,80.0,,,https://www.baseball-reference.com/leagues/majors/2018-misc.shtml,yes,0.5061728395061729,0.6492673726221331,26.0
2018,MIA,Miami Marlins,86515143.0,63,99.0,,,https://www.baseball-reference.com/leagues/majors/2018-misc.shtml,yes,0.3888888888888889,0.6372909268971095,27.0
2018,CHW,Chicago White Sox,75092000.0,62,100.0,,,https://www.baseball-reference.com/leagues/majors/2018-misc.shtml,yes,0.38271604938271603,0.55314536418853,28.0
2018,OAK,Oakland Athletics,69883333.0,97,65.0,,,https://www.baseball-reference.com/leagues/majors/2018-misc.shtml,yes,0.5987654320987654,0.5147770958689782,29.0
2018,TBR,Tampa Bay Rays,46569867.0,90,72.0,,,https://www.baseball-reference.com/leagues/majors/2018-misc.shtml,yes,0.5555555555555556,0.3430446125010175,30.0
2019,NYY,New York Yankees,228442421.0,103,59.0,,,https://www.baseball-reference.com/leagues/majors/2019-misc.shtml,yes,0.6358024691358025,1.7866780411978063,1.0
2019,CHC,Chicago Cubs,220305215.0,84,78.0,,,https://www.baseball-reference.com/leagues/majors/2019-misc.shtml,yes,0.5185185185185185,1.723035889213683,2.0
2019,BOS,Boston Red Sox,218978142.0,84,78.0,,,https://www.baseball-reference.com/leagues/majors/2019-misc.shtml,yes,0.5185185185185185,1.7126566777791898,3.0
2019,WSN,Washington Nationals,203016595.0,93,69.0,,,https://www.baseball-reference.com/leagues/majors/2019-misc.shtml,yes,0.5740740740740741,1.5878193318799065,4.0
2019,LAD,Los Angeles Dodgers,193553333.0,106,56.0,,,https://www.baseball-reference.com/leagues/majors/2019-misc.shtml,yes,0.654320987654321,1.5138059225512528,5.0
2019,SFG,San Francisco Giants,175450753.0,77,85.0,,,https://www.baseball-reference.com/leagues/majors/2019-misc.shtml,yes,0.47530864197530864,1.372223277640365,6.0
2019,HOU,Houston Astros,166042500.0,107,55.0,,,https://www.baseball-reference.com/leagues/majors/2019-misc.shtml,yes,0.6604938271604939,1.2986401008925865,7.0
2019,STL,St. Louis Cardinals,161120267.0,91,71.0,,,https://www.baseball-reference.com/leagues/majors/2019-misc.shtml,yes,0.5617283950617284,1.2601426730669587,8.0
2019,LAA,Los Angeles Angels,158078584.0,72,90.0,,,https://www.baseball-reference.com/leagues/majors/2019-misc.shtml,yes,0.4444444444444444,1.236353272654394,9.0
2019,NYM,New York Mets,154837230.0,86,76.0,,,https://www.baseball-reference.com/leagues/majors/2019-misc.shtml,yes,0.5308641975308642,1.2110022192458474,10.0
2019,CLE,Cleveland Indians,151257783.0,93,69.0,,,https://www.baseball-reference.com/leagues/majors/2019-misc.shtml,yes,0.5740740740740741,1.18300689628203,11.0
2019,COL,Colorado Rockies,145348500.0,71,91.0,,,https://www.baseball-reference.com/leagues/majors/2019-misc.shtml,yes,0.4382716049382716,1.1367896213595081,12.0
2019,PHI,Philadelphia Phillies,141786962.0,81,81.0,,,https://www.baseball-reference.com/leagues/majors/2019-misc.shtml,yes,0.5,1.1089343670261127,13.0
2019,ATL,Atlanta Braves,133186667.0,97,65.0,,,https://www.baseball-reference.com/leagues/majors/2019-misc.shtml,yes,0.5987654320987654,1.0416703354287447,14.0
2019,MIL,Milwaukee Brewers,128842900.0,89,73.0,,,https://www.baseball-reference.com/leagues/majors/2019-misc.shtml,yes,0.5493827160493827,1.007697165817748,15.0
2019,SEA,Seattle Mariners,126874600.0,68,94.0,,,https://www.baseball-reference.com/leagues/majors/2019-misc.shtml,yes,0.41975308641975306,0.9923028341822518,16.0
2019,ARI,Arizona Diamondbacks,124016266.0,85,77.0,,,https://www.baseball-reference.com/leagues/majors/2019-misc.shtml,yes,0.5246913580246914,0.9699474302697313,17.0
2019,MIN,Minnesota Twins,113758333.0,101,61.0,,,https://www.baseball-reference.com/leagues/majors/2019-misc.shtml,yes,0.6234567901234568,0.8897187951548096,18.0
2019,CIN,Cincinnati Reds,109737499.0,75,87.0,,,https://www.baseball-reference.com/leagues/majors/2019-misc.shtml,yes,0.46296296296296297,0.8582713267570659,19.0
2019,TEX,Texas Rangers,104433499.0,78,84.0,,,https://www.baseball-reference.com/leagues/majors/2019-misc.shtml,yes,0.48148148148148145,0.8167880493122294,20.0
2019,OAK,Oakland Athletics,102935833.0,97,65.0,,,https://www.baseball-reference.com/leagues/majors/2019-misc.shtml,yes,0.5987654320987654,0.8050746077214114,21.0
2019,DET,Detroit Tigers,100618500.0,47,115.0,,,https://www.baseball-reference.com/leagues/majors/2019-misc.shtml,yes,0.29012345679012347,0.7869504433603488,22.0
2019,KCR,Kansas City Royals,98183242.0,59,103.0,,,https://www.baseball-reference.com/leagues/majors/2019-misc.shtml,yes,0.36419753086419754,0.7679039721567745,23.0
2019,SDP,San Diego Padres,90260767.0,70,92.0,,,https://www.baseball-reference.com/leagues/majors/2019-misc.shtml,yes,0.43209876543209874,0.7059412593975775,24.0
2019,BAL,Baltimore Orioles,82696100.0,54,108.0,,,https://www.baseball-reference.com/leagues/majors/2019-misc.shtml,yes,0.3333333333333333,0.6467770097861898,25.0
2019,CHW,Chicago White Sox,80846333.0,72,90.0,,,https://www.baseball-reference.com/leagues/majors/2019-misc.shtml,yes,0.4444444444444444,0.6323097402406953,26.0
2019,MIA,Miami Marlins,74683643.0,57,105.0,,,https://www.baseball-reference.com/leagues/majors/2019-misc.shtml,yes,0.35185185185185186,0.5841105360407481,27.0
2019,PIT,Pittsburgh Pirates,72915501.0,69,93.0,,,https://www.baseball-reference.com/leagues/majors/2019-misc.shtml,yes,0.42592592592592593,0.5702816662919041,28.0
2019,TOR,Toronto Blue Jays,62180671.0,67,95.0,,,https://www.baseball-reference.com/leagues/majors/2019-misc.shtml,yes,0.41358024691358025,0.4863231573904797,29.0
2019,TBR,Tampa Bay Rays,57098067.0,96,66.0,,,https://www.baseball-reference.com/leagues/majors/2019-misc.shtml,yes,0.5925925925925926,0.446571447006951,30.0
2020,NYY,New York Yankees,218635714.0,33,27.0,,,https://www.baseball-reference.com/leagues/majors/2020-misc.shtml,yes,0.55,1.7281292621765005,1.0
2020,HOU,Houston Astros,217000000.0,29,31.0,,,https://www.baseball-reference.com/leagues/majors/2020-misc.shtml,yes,0.48333333333333334,1.7152003349841582,2.0
2020,LAD,Los Angeles Dodgers,216508333.0,43,17.0,,,https://www.baseball-reference.com/leagues/majors/2020-misc.shtml,yes,0.7166666666666667,1.7113141257532798,3.0
2020,CHC,Chicago Cubs,181560000.0,34,26.0,,,https://www.baseball-reference.com/leagues/majors/2020-misc.shtml,yes,0.5666666666666667,1.4350772941001095,4.0
2020,LAA,Los Angeles Angels,181254762.0,26,34.0,,,https://www.baseball-reference.com/leagues/majors/2020-misc.shtml,yes,0.43333333333333335,1.4326646474648566,5.0
2020,WSN,Washington Nationals,172237283.0,26,34.0,,,https://www.baseball-reference.com/leagues/majors/2020-misc.shtml,yes,0.43333333333333335,1.3613891497620336,6.0
2020,BOS,Boston Red Sox,171984429.0,24,36.0,,,https://www.baseball-reference.com/leagues/majors/2020-misc.shtml,yes,0.4,1.3593905540684756,7.0
2020,PHI,Philadelphia Phillies,170148461.0,28,32.0,,,https://www.baseball-reference.com/leagues/majors/2020-misc.shtml,yes,0.4666666666666667,1.3448787894204561,8.0
2020,NYM,New York Mets,162078667.0,26,34.0,,,https://www.baseball-reference.com/leagues/majors/2020-misc.shtml,yes,0.43333333333333335,1.2810939351713633,9.0
2020,STL,St. Louis Cardinals,153396167.0,30,30.0,,,https://www.baseball-reference.com/leagues/majors/2020-misc.shtml,yes,0.5,1.212466161399474,10.0
2020,SFG,San Francisco Giants,152957778.0,29,31.0,,,https://www.baseball-reference.com/leagues/majors/2020-misc.shtml,yes,0.48333333333333334,1.2090010694195048,11.0
2020,COL,Colorado Rockies,144730000.0,26,34.0,,,https://www.baseball-reference.com/leagues/majors/2020-misc.shtml,yes,0.43333333333333335,1.1439674860933513,12.0
2020,SDP,San Diego Padres,141953667.0,37,23.0,,,https://www.baseball-reference.com/leagues/majors/2020-misc.shtml,yes,0.6166666666666667,1.1220229363623486,13.0
2020,MIN,Minnesota Twins,134838333.0,36,24.0,,,https://www.baseball-reference.com/leagues/majors/2020-misc.shtml,yes,0.6,1.065782276176523,14.0
2020,ATL,Atlanta Braves,130705000.0,35,25.0,,,https://www.baseball-reference.com/leagues/majors/2020-misc.shtml,yes,0.5833333333333334,1.0331117962401124,15.0
2020,TEX,Texas Rangers,122326667.0,22,38.0,,,https://www.baseball-reference.com/leagues/majors/2020-misc.shtml,yes,0.36666666666666664,0.9668882037598875,16.0
2020,CIN,Cincinnati Reds,120781165.0,31,29.0,,,https://www.baseball-reference.com/leagues/majors/2020-misc.shtml,yes,0.5166666666666667,0.954672325657958,17.0
2020,CHW,Chicago White Sox,119066333.0,35,25.0,,,https://www.baseball-reference.com/leagues/majors/2020-misc.shtml,yes,0.5833333333333334,0.9411180380043104,18.0
2020,MIL,Milwaukee Brewers,103541667.0,29,31.0,,,https://www.baseball-reference.com/leagues/majors/2020-misc.shtml,yes,0.48333333333333334,0.8184087646231252,19.0
2020,CLE,Cleveland Indians,101991668.0,35,25.0,,,https://www.baseball-reference.com/leagues/majors/2020-misc.shtml,yes,0.5833333333333334,0.8061573415631017,20.0
2020,SEA,Seattle Mariners,92310000.0,27,33.0,,,https://www.baseball-reference.com/leagues/majors/2020-misc.shtml,yes,0.45,0.7296319950340445,21.0
2020,DET,Detroit Tigers,88385000.0,23,37.0,,,https://www.baseball-reference.com/leagues/majors/2020-misc.shtml,yes,0.38333333333333336,0.6986082101731559,22.0
2020,ARI,Arizona Diamondbacks,88176667.0,25,35.0,,,https://www.baseball-reference.com/leagues/majors/2020-misc.shtml,yes,0.4166666666666667,0.696961515097634,23.0
2020,OAK,Oakland Athletics,85683333.0,36,24.0,,,https://www.baseball-reference.com/leagues/majors/2020-misc.shtml,yes,0.6,0.67725383163207,24.0
2020,TOR,Toronto Blue Jays,76078572.0,32,28.0,,,https://www.baseball-reference.com/leagues/majors/2020-misc.shtml,yes,0.5333333333333333,0.601336369490859,25.0
2020,KCR,Kansas City Royals,68600000.0,26,34.0,,,https://www.baseball-reference.com/leagues/majors/2020-misc.shtml,yes,0.43333333333333335,0.5422246220272501,26.0
2020,MIA,Miami Marlins,68450000.0,31,29.0,,,https://www.baseball-reference.com/leagues/majors/2020-misc.shtml,yes,0.5166666666666667,0.5410389996758785,27.0
2020,TBR,Tampa Bay Rays,56351667.0,40,20.0,,,https://www.baseball-reference.com/leagues/majors/2020-misc.shtml,yes,0.6666666666666666,0.44541197288163936,28.0
2020,BAL,Baltimore Orioles,52190000.0,25,35.0,,,https://www.baseball-reference.com/leagues/majors/2020-misc.shtml,yes,0.4166666666666667,0.4125175367872038,29.0
2020,PIT,Pittsburgh Pirates,49628500.0,19,41.0,,,https://www.baseball-reference.com/leagues/majors/2020-misc.shtml,yes,0.31666666666666665,0.3922710591002825,30.0
2021,LAD,Los Angeles Dodgers,248108334.0,106,56.0,,,https://www.baseball-reference.com/leagues/majors/2021-misc.shtml,yes,0.654320987654321,2.0942430028825387,1.0
2021,NYY,New York Yankees,209799047.0,92,70.0,,,https://www.baseball-reference.com/leagues/majors/2021-misc.shtml,yes,0.5679012345679012,1.7708804017489186,2.0
2021,HOU,Houston Astros,190400000.0,95,67.0,,,https://www.baseball-reference.com/leagues/majors/2021-misc.shtml,yes,0.5864197530864198,1.6071361300940232,3.0
2021,LAA,Los Angeles Angels,188408595.0,77,85.0,,,https://www.baseball-reference.com/leagues/majors/2021-misc.shtml,yes,0.47530864197530864,1.5903269970837823,4.0
2021,PHI,Philadelphia Phillies,185286962.0,82,80.0,,,https://www.baseball-reference.com/leagues/majors/2021-misc.shtml,yes,0.5061728395061729,1.5639777892098652,5.0
2021,NYM,New York Mets,184675167.0,77,85.0,,,https://www.baseball-reference.com/leagues/majors/2021-misc.shtml,yes,0.47530864197530864,1.5588137248784006,6.0
2021,WSN,Washington Nationals,172370147.0,65,97.0,,,https://www.baseball-reference.com/leagues/majors/2021-misc.shtml,yes,0.4012345679012346,1.4549490073178462,7.0
2021,BOS,Boston Red Sox,156095000.0,92,70.0,,,https://www.baseball-reference.com/leagues/majors/2021-misc.shtml,yes,0.5679012345679012,1.3175730789234588,8.0
2021,STL,St. Louis Cardinals,155329667.0,90,72.0,,,https://www.baseball-reference.com/leagues/majors/2021-misc.shtml,yes,0.5555555555555556,1.3111130247435574,9.0
2021,SDP,San Diego Padres,154984286.0,79,83.0,,,https://www.baseball-reference.com/leagues/majors/2021-misc.shtml,yes,0.4876543209876543,1.3081977186314355,10.0
2021,SFG,San Francisco Giants,150863778.0,107,55.0,,,https://www.baseball-reference.com/leagues/majors/2021-misc.shtml,yes,0.6604938271604939,1.2734171656842639,11.0
2021,CHC,Chicago Cubs,144413500.0,71,91.0,,,https://www.baseball-reference.com/leagues/majors/2021-misc.shtml,yes,0.4382716049382716,1.2189713945553216,12.0
2021,ATL,Atlanta Braves,127230000.0,88,74.0,,,https://www.baseball-reference.com/leagues/majors/2021-misc.shtml,yes,0.5432098765432098,1.073928202898438,13.0
2021,TOR,Toronto Blue Jays,121694071.0,91,71.0,,,https://www.baseball-reference.com/leagues/majors/2021-misc.shtml,yes,0.5617283950617284,1.0272003063147443,14.0
2021,MIN,Minnesota Twins,120158333.0,73,89.0,,,https://www.baseball-reference.com/leagues/majors/2021-misc.shtml,yes,0.4506172839506173,1.0142373860092908,15.0
2021,CIN,Cincinnati Reds,116784881.0,83,79.0,,,https://www.baseball-reference.com/leagues/majors/2021-misc.shtml,yes,0.5123456790123457,0.9857626139907092,16.0
2021,CHW,Chicago White Sox,115546333.0,93,69.0,,,https://www.baseball-reference.com/leagues/majors/2021-misc.shtml,yes,0.5740740740740741,0.9753082272278116,17.0
2021,OAK,Oakland Athletics,94555834.0,86,76.0,,,https://www.baseball-reference.com/leagues/majors/2021-misc.shtml,yes,0.5308641975308642,0.798130762250908,18.0
2021,COL,Colorado Rockies,92675000.0,74,88.0,,,https://www.baseball-reference.com/leagues/majors/2021-misc.shtml,yes,0.4567901234567901,0.7822549414730231,19.0
2021,KCR,Kansas City Royals,86820000.0,74,88.0,,,https://www.baseball-reference.com/leagues/majors/2021-misc.shtml,yes,0.4567901234567901,0.7328338173044281,20.0
2021,MIL,Milwaukee Brewers,85517626.0,95,67.0,,,https://www.baseball-reference.com/leagues/majors/2021-misc.shtml,yes,0.5864197530864198,0.7218406854226262,21.0
2021,DET,Detroit Tigers,78590500.0,77,85.0,,,https://www.baseball-reference.com/leagues/majors/2021-misc.shtml,yes,0.47530864197530864,0.6633699161352644,22.0
2021,ARI,Arizona Diamondbacks,77691667.0,52,110.0,,,https://www.baseball-reference.com/leagues/majors/2021-misc.shtml,yes,0.32098765432098764,0.6557830096792727,23.0
2021,TEX,Texas Rangers,67890999.0,60,102.0,,,https://www.baseball-reference.com/leagues/majors/2021-misc.shtml,yes,0.37037037037037035,0.5730571292073383,24.0
2021,SEA,Seattle Mariners,64605500.0,90,72.0,,,https://www.baseball-reference.com/leagues/majors/2021-misc.shtml,yes,0.5555555555555556,0.545324754478936,25.0
2021,TBR,Tampa Bay Rays,52937166.0,100,62.0,,,https://www.baseball-reference.com/leagues/majors/2021-misc.shtml,yes,0.6172839506172839,0.4468342022236602,26.0
2021,CLE,Cleveland Indians,50425500.0,80,82.0,,,https://www.baseball-reference.com/leagues/majors/2021-misc.shtml,yes,0.49382716049382713,0.42563362882382444,27.0
2021,PIT,Pittsburgh Pirates,50255000.0,61,101.0,,,https://www.baseball-reference.com/leagues/majors/2021-misc.shtml,yes,0.3765432098765432,0.4241944654300165,28.0
2021,BAL,Baltimore Orioles,42075000.0,52,110.0,,,https://www.baseball-reference.com/leagues/majors/2021-misc.shtml,yes,0.32098765432098764,0.3551483858913132,29.0
2021,MIA,Miami Marlins,35150000.0,67,95.0,,,https://www.baseball-reference.com/leagues/majors/2021-misc.shtml,yes,0.41358024691358025,0.2966955618319586,30.0
2022,LAD,Los Angeles Dodgers,261180131.0,111,51.0,,,https://www.baseball-reference.com/leagues/majors/2022-misc.shtml,yes,0.6851851851851852,2.0608139272762105,1.0
2022,NYM,New York Mets,240473333.0,101,61.0,,,https://www.baseball-reference.com/leagues/majors/2022-misc.shtml,yes,0.6234567901234568,1.897429149328859,2.0
2022,NYY,New York Yankees,238950714.0,99,63.0,,,https://www.baseball-reference.com/leagues/majors/2022-misc.shtml,yes,0.6111111111111112,1.8854150867387176,3.0
2022,PHI,Philadelphia Phillies,209488461.0,87,75.0,,,https://www.baseball-reference.com/leagues/majors/2022-misc.shtml,yes,0.5370370370370371,1.6529463262749466,4.0
2022,SDP,San Diego Padres,192600824.0,89,73.0,,,https://www.baseball-reference.com/leagues/majors/2022-misc.shtml,yes,0.5493827160493827,1.5196962302774641,5.0
2022,BOS,Boston Red Sox,188420000.0,78,84.0,,,https://www.baseball-reference.com/leagues/majors/2022-misc.shtml,yes,0.48148148148148145,1.4867078850549456,6.0
2022,ATL,Atlanta Braves,181075000.0,101,61.0,,,https://www.baseball-reference.com/leagues/majors/2022-misc.shtml,yes,0.6234567901234568,1.4287529470667883,7.0
2022,TOR,Toronto Blue Jays,172705857.0,92,70.0,,,https://www.baseball-reference.com/leagues/majors/2022-misc.shtml,yes,0.5679012345679012,1.3627171181247844,8.0
2022,CHW,Chicago White Sox,167458334.0,81,81.0,,,https://www.baseball-reference.com/leagues/majors/2022-misc.shtml,yes,0.5,1.3213120983757811,9.0
2022,LAA,Los Angeles Angels,167063095.0,73,89.0,,,https://www.baseball-reference.com/leagues/majors/2022-misc.shtml,yes,0.4506172839506173,1.3181935072613493,10.0
2022,HOU,Houston Astros,164789600.0,106,56.0,,,https://www.baseball-reference.com/leagues/majors/2022-misc.shtml,yes,0.654320987654321,1.3002547377934957,11.0
2022,STL,St. Louis Cardinals,156814666.0,93,69.0,,,https://www.baseball-reference.com/leagues/majors/2022-misc.shtml,yes,0.5740740740740741,1.2373293728609367,12.0
2022,SFG,San Francisco Giants,147929667.0,81,81.0,,,https://www.baseball-reference.com/leagues/majors/2022-misc.shtml,yes,0.5,1.1672232372489777,13.0
2022,CHC,Chicago Cubs,131085000.0,74,88.0,,,https://www.baseball-reference.com/leagues/majors/2022-misc.shtml,yes,0.4567901234567901,1.034312191446914,14.0
2022,MIL,Milwaukee Brewers,128421127.0,86,76.0,,,https://www.baseball-reference.com/leagues/majors/2022-misc.shtml,yes,0.5308641975308642,1.0132931860659302,15.0
2022,WSN,Washington Nationals,125051666.0,55,107.0,,,https://www.baseball-reference.com/leagues/majors/2022-misc.shtml,yes,0.3395061728395062,0.9867068139340699,16.0
2022,TEX,Texas Rangers,120176667.0,68,94.0,,,https://www.baseball-reference.com/leagues/majors/2022-misc.shtml,yes,0.41975308641975306,0.948241155018164,17.0
2022,DET,Detroit Tigers,117740000.0,66,96.0,,,https://www.baseball-reference.com/leagues/majors/2022-misc.shtml,yes,0.4074074074074074,0.9290148943125427,18.0
2022,COL,Colorado Rockies,112605000.0,68,94.0,,,https://www.baseball-reference.com/leagues/majors/2022-misc.shtml,yes,0.41975308641975306,0.8884977252765743,19.0
2022,CIN,Cincinnati Reds,111882381.0,62,100.0,,,https://www.baseball-reference.com/leagues/majors/2022-misc.shtml,yes,0.38271604938271603,0.8827959772392613,20.0
2022,MIN,Minnesota Twins,110792857.0,78,84.0,,,https://www.baseball-reference.com/leagues/majors/2022-misc.shtml,yes,0.48148148148148145,0.8741992044881913,21.0
2022,KCR,Kansas City Royals,87410000.0,65,97.0,,,https://www.baseball-reference.com/leagues/majors/2022-misc.shtml,yes,0.4012345679012346,0.68969926882843,22.0
2022,ARI,Arizona Diamondbacks,78860000.0,74,88.0,,,https://www.baseball-reference.com/leagues/majors/2022-misc.shtml,yes,0.4567901234567901,0.6222364070450749,23.0
2022,SEA,Seattle Mariners,78285000.0,90,72.0,,,https://www.baseball-reference.com/leagues/majors/2022-misc.shtml,yes,0.5555555555555556,0.6176994309602293,24.0
2022,TBR,Tampa Bay Rays,73004211.0,86,76.0,,,https://www.baseball-reference.com/leagues/majors/2022-misc.shtml,yes,0.5308641975308642,0.5760319293913332,25.0
2022,MIA,Miami Marlins,68200000.0,69,93.0,,,https://www.baseball-reference.com/leagues/majors/2022-misc.shtml,yes,0.42592592592592593,0.5381248156286343,26.0
2022,CLE,Cleveland Guardians,65960000.0,92,70.0,,,https://www.baseball-reference.com/leagues/majors/2022-misc.shtml,yes,0.5679012345679012,0.5204503348807143,27.0
2022,OAK,Oakland Athletics,50248334.0,60,102.0,,,https://www.baseball-reference.com/leagues/majors/2022-misc.shtml,yes,0.37037037037037035,0.39647911245448736,28.0
2022,BAL,Baltimore Orioles,48000000.0,83,79.0,,,https://www.baseball-reference.com/leagues/majors/2022-misc.shtml,yes,0.5123456790123457,0.37873887316971333,29.0
2022,PIT,Pittsburgh Pirates,37925000.0,62,100.0,,,https://www.baseball-reference.com/leagues/majors/2022-misc.shtml,yes,0.38271604938271603,0.2992431617700287,30.0
2023,NYY,New York Yankees,259417008.0,82,80.0,,,https://www.baseball-reference.com/leagues/majors/2023-misc.shtml,yes,0.5061728395061729,1.750619689030765,1.0
2023,TEX,Texas Rangers,248537867.0,90,72.0,,,https://www.baseball-reference.com/leagues/majors/2023-misc.shtml,yes,0.5555555555555556,1.6772041540156444,2.0
2023,PHI,Philadelphia Phillies,241362606.0,90,72.0,,,https://www.baseball-reference.com/leagues/majors/2023-misc.shtml,yes,0.5555555555555556,1.6287834537794648,3.0
2023,HOU,Houston Astros,240388766.0,90,72.0,,,https://www.baseball-reference.com/leagues/majors/2023-misc.shtml,yes,0.5555555555555556,1.6222117047214164,4.0
2023,SDP,San Diego Padres,236200139.0,82,80.0,,,https://www.baseball-reference.com/leagues/majors/2023-misc.shtml,yes,0.5061728395061729,1.5939456594349568,5.0
2023,LAD,Los Angeles Dodgers,227091667.0,100,62.0,,,https://www.baseball-reference.com/leagues/majors/2023-misc.shtml,yes,0.6172839506172839,1.532479102006365,6.0
2023,LAA,Los Angeles Angels,218537055.0,73,89.0,,,https://www.baseball-reference.com/leagues/majors/2023-misc.shtml,yes,0.4506172839506173,1.4747501492492705,7.0
2023,TOR,Toronto Blue Jays,211190269.0,89,73.0,,,https://www.baseball-reference.com/leagues/majors/2023-misc.shtml,yes,0.5493827160493827,1.4251719495704909,8.0
2023,NYM,New York Mets,208427344.0,75,87.0,,,https://www.baseball-reference.com/leagues/majors/2023-misc.shtml,yes,0.46296296296296297,1.4065269465246022,9.0
2023,ATL,Atlanta Braves,194197500.0,104,58.0,,,https://www.baseball-reference.com/leagues/majors/2023-misc.shtml,yes,0.6419753086419753,1.3104999154895502,10.0
2023,BOS,Boston Red Sox,181282500.0,78,84.0,,,https://www.baseball-reference.com/leagues/majors/2023-misc.shtml,yes,0.48148148148148145,1.2233458254083311,11.0
2023,SFG,San Francisco Giants,177920416.0,79,83.0,,,https://www.baseball-reference.com/leagues/majors/2023-misc.shtml,yes,0.4876543209876543,1.2006575271662385,12.0
2023,STL,St. Louis Cardinals,174086450.0,71,91.0,,,https://www.baseball-reference.com/leagues/majors/2023-misc.shtml,yes,0.4382716049382716,1.1747848350925003,13.0
2023,CHC,Chicago Cubs,162918250.0,83,79.0,,,https://www.baseball-reference.com/leagues/majors/2023-misc.shtml,yes,0.5123456790123457,1.099418647802909,14.0
2023,COL,Colorado Rockies,155645682.0,59,103.0,,,https://www.baseball-reference.com/leagues/majors/2023-misc.shtml,yes,0.36419753086419754,1.050341292278806,15.0
2023,CHW,Chicago White Sox,140725951.0,61,101.0,,,https://www.baseball-reference.com/leagues/majors/2023-misc.shtml,yes,0.3765432098765432,0.9496587077211941,16.0
2023,MIL,Milwaukee Brewers,138288760.0,92,70.0,,,https://www.baseball-reference.com/leagues/majors/2023-misc.shtml,yes,0.5679012345679012,0.9332118502717835,17.0
2023,MIN,Minnesota Twins,137798640.0,87,75.0,,,https://www.baseball-reference.com/leagues/majors/2023-misc.shtml,yes,0.5370370370370371,0.929904381233409,18.0
2023,SEA,Seattle Mariners,128155663.0,88,74.0,,,https://www.baseball-reference.com/leagues/majors/2023-misc.shtml,yes,0.5432098765432098,0.8648308321734692,19.0
2023,DET,Detroit Tigers,119236836.0,78,84.0,,,https://www.baseball-reference.com/leagues/majors/2023-misc.shtml,yes,0.48148148148148145,0.8046440530966741,20.0
2023,ARI,Arizona Diamondbacks,115247571.0,84,78.0,,,https://www.baseball-reference.com/leagues/majors/2023-misc.shtml,yes,0.5185185185185185,0.7777233592393102,21.0
2023,MIA,Miami Marlins,114351500.0,84,78.0,,,https://www.baseball-reference.com/leagues/majors/2023-misc.shtml,yes,0.5185185185185185,0.7716764174930332,22.0
2023,WSN,Washington Nationals,99211578.0,71,91.0,,,https://www.baseball-reference.com/leagues/majors/2023-misc.shtml,yes,0.4382716049382716,0.6695079214953072,23.0
2023,KCR,Kansas City Royals,88186975.0,56,106.0,,,https://www.baseball-reference.com/leagues/majors/2023-misc.shtml,yes,0.345679012345679,0.5951107675679609,24.0
2023,BAL,Baltimore Orioles,82758114.0,101,61.0,,,https://www.baseball-reference.com/leagues/majors/2023-misc.shtml,yes,0.6234567901234568,0.5584752708097405,25.0
2023,CIN,Cincinnati Reds,77877833.0,82,80.0,,,https://www.baseball-reference.com/leagues/majors/2023-misc.shtml,yes,0.5061728395061729,0.5255417477825889,26.0
2023,TBR,Tampa Bay Rays,75441212.0,99,63.0,,,https://www.baseball-reference.com/leagues/majors/2023-misc.shtml,yes,0.6111111111111112,0.5090987368551565,27.0
2023,PIT,Pittsburgh Pirates,72407500.0,76,86.0,,,https://www.baseball-reference.com/leagues/majors/2023-misc.shtml,yes,0.4691358024691358,0.48862638618318777,28.0
2023,CLE,Cleveland Guardians,70114729.0,76,86.0,,,https://www.baseball-reference.com/leagues/majors/2023-misc.shtml,yes,0.4691358024691358,0.4731541159338957,29.0
2023,OAK,Oakland Athletics,51230000.0,50,112.0,,,https://www.baseball-reference.com/leagues/majors/2023-misc.shtml,yes,0.30864197530864196,0.34571459813092165,30.0
2024,NYY,New York Yankees,291463084.0,94,68.0,,,https://www.baseball-reference.com/leagues/majors/2024-misc.shtml,yes,0.5802469135802469,1.9021186470792069,1.0
2024,HOU,Houston Astros,275678766.0,88,74.0,,,https://www.baseball-reference.com/leagues/majors/2024-misc.shtml,yes,0.5432098765432098,1.7991085327718046,2.0
2024,NYM,New York Mets,262702250.0,89,73.0,,,https://www.baseball-reference.com/leagues/majors/2024-misc.shtml,yes,0.5493827160493827,1.7144224287239875,3.0
2024,LAD,Los Angeles Dodgers,262386278.0,98,64.0,,,https://www.baseball-reference.com/leagues/majors/2024-misc.shtml,yes,0.6049382716049383,1.712360362321249,4.0
2024,TEX,Texas Rangers,261471834.0,78,84.0,,,https://www.baseball-reference.com/leagues/majors/2024-misc.shtml,yes,0.48148148148148145,1.706392604894687,5.0
2024,PHI,Philadelphia Phillies,248632283.0,95,67.0,,,https://www.baseball-reference.com/leagues/majors/2024-misc.shtml,yes,0.5864197530864198,1.6226003487981158,6.0
2024,ATL,Atlanta Braves,241662300.0,89,73.0,,,https://www.baseball-reference.com/leagues/majors/2024-misc.shtml,yes,0.5493827160493827,1.5771135089137032,7.0
2024,SFG,San Francisco Giants,232370883.0,80,82.0,,,https://www.baseball-reference.com/leagues/majors/2024-misc.shtml,yes,0.49382716049382713,1.5164767473350438,8.0
2024,TOR,Toronto Blue Jays,225628287.0,74,88.0,,,https://www.baseball-reference.com/leagues/majors/2024-misc.shtml,yes,0.4567901234567901,1.4724738588549313,9.0
2024,CHC,Chicago Cubs,223048500.0,83,79.0,,,https://www.baseball-reference.com/leagues/majors/2024-misc.shtml,yes,0.5123456790123457,1.4556378983934941,10.0
2024,STL,St. Louis Cardinals,189534400.0,83,79.0,,,https://www.baseball-reference.com/leagues/majors/2024-misc.shtml,yes,0.5123456790123457,1.2369213677261757,11.0
2024,LAA,Los Angeles Angels,165637050.0,63,99.0,,,https://www.baseball-reference.com/leagues/majors/2024-misc.shtml,yes,0.3888888888888889,1.0809647559077875,12.0
2024,ARI,Arizona Diamondbacks,161660152.0,89,73.0,,,https://www.baseball-reference.com/leagues/majors/2024-misc.shtml,yes,0.5493827160493827,1.0550111025685123,13.0
2024,BOS,Boston Red Sox,160834775.0,81,81.0,,,https://www.baseball-reference.com/leagues/majors/2024-misc.shtml,yes,0.5,1.049624605722928,14.0
2024,SDP,San Diego Padres,159391555.0,93,69.0,,,https://www.baseball-reference.com/leagues/majors/2024-misc.shtml,yes,0.5740740740740741,1.0402060006764047,15.0
2024,COL,Colorado Rockies,147069963.0,61,101.0,,,https://www.baseball-reference.com/leagues/majors/2024-misc.shtml,yes,0.3765432098765432,0.9597939993235953,16.0
2024,SEA,Seattle Mariners,142547548.0,85,77.0,,,https://www.baseball-reference.com/leagues/majors/2024-misc.shtml,yes,0.5246913580246914,0.9302802448430083,17.0
2024,MIN,Minnesota Twins,135262591.0,82,80.0,,,https://www.baseball-reference.com/leagues/majors/2024-misc.shtml,yes,0.5061728395061729,0.8827378516085012,18.0
2024,WSN,Washington Nationals,132086867.0,71,91.0,,,https://www.baseball-reference.com/leagues/majors/2024-misc.shtml,yes,0.4382716049382716,0.8620127437990437,19.0
2024,BAL,Baltimore Orioles,131181049.0,91,71.0,,,https://www.baseball-reference.com/leagues/majors/2024-misc.shtml,yes,0.5617283950617284,0.856101280552947,20.0
2024,TBR,Tampa Bay Rays,128533112.0,80,82.0,,,https://www.baseball-reference.com/leagues/majors/2024-misc.shtml,yes,0.49382716049382713,0.8388205660457506,21.0
2024,CHW,Chicago White Sox,123336791.0,41,121.0,,,https://www.baseball-reference.com/leagues/majors/2024-misc.shtml,yes,0.25308641975308643,0.8049088303478286,22.0
2024,MIL,Milwaukee Brewers,115142460.0,93,69.0,,,https://www.baseball-reference.com/leagues/majors/2024-misc.shtml,yes,0.5740740740740741,0.751431767038366,23.0
2024,KCR,Kansas City Royals,113442261.0,86,76.0,,,https://www.baseball-reference.com/leagues/majors/2024-misc.shtml,yes,0.5308641975308642,0.7403360900927208,24.0
2024,MIA,Miami Marlins,109992600.0,62,100.0,,,https://www.baseball-reference.com/leagues/majors/2024-misc.shtml,yes,0.38271604938271603,0.7178232406980377,25.0
2024,DET,Detroit Tigers,105584833.0,86,76.0,,,https://www.baseball-reference.com/leagues/majors/2024-misc.shtml,yes,0.5308641975308642,0.6890576910866832,26.0
2024,CIN,Cincinnati Reds,98323334.0,77,85.0,,,https://www.baseball-reference.com/leagues/majors/2024-misc.shtml,yes,0.47530864197530864,0.6416683872198271,27.0
2024,PIT,Pittsburgh Pirates,97476500.0,76,86.0,,,https://www.baseball-reference.com/leagues/majors/2024-misc.shtml,yes,0.4691358024691358,0.6361418597424033,28.0
2024,CLE,Cleveland Guardians,94230728.0,92,70.0,,,https://www.baseball-reference.com/leagues/majors/2024-misc.shtml,yes,0.5679012345679012,0.6149596113401748,29.0
2024,OAK,Oakland Athletics,55690000.0,69,93.0,,,https://www.baseball-reference.com/leagues/majors/2024-misc.shtml,yes,0.42592592592592593,0.36343877928582213,30.0
2025,LAD,Los Angeles Dodgers,338188810.0,93,69.0,,,https://www.baseball-reference.com/leagues/majors/2025-misc.shtml,yes,0.5740740740740741,2.332646878811757,1.0
2025,NYM,New York Mets,314450000.0,83,79.0,,,https://www.baseball-reference.com/leagues/majors/2025-misc.shtml,yes,0.5123456790123457,2.1689091695327147,2.0
2025,NYY,New York Yankees,265827533.0,94,68.0,,,https://www.baseball-reference.com/leagues/majors/2025-misc.shtml,yes,0.5802469135802469,1.8335372041277158,3.0
2025,PHI,Philadelphia Phillies,258674285.0,96,66.0,,,https://www.baseball-reference.com/leagues/majors/2025-misc.shtml,yes,0.5925925925925926,1.7841978968319883,4.0
2025,TOR,Toronto Blue Jays,242062381.0,94,68.0,,,https://www.baseball-reference.com/leagues/majors/2025-misc.shtml,yes,0.5802469135802469,1.6696178017167167,5.0
2025,ATL,Atlanta Braves,223005000.0,76,86.0,,,https://www.baseball-reference.com/leagues/majors/2025-misc.shtml,yes,0.4691358024691358,1.538170104473344,6.0
2025,TEX,Texas Rangers,208110000.0,81,81.0,,,https://www.baseball-reference.com/leagues/majors/2025-misc.shtml,yes,0.5,1.4354323017060049,7.0
2025,SDP,San Diego Padres,208104954.0,90,72.0,,,https://www.baseball-reference.com/leagues/majors/2025-misc.shtml,yes,0.5555555555555556,1.4353974970767491,8.0
2025,HOU,Houston Astros,204583333.0,87,75.0,,,https://www.baseball-reference.com/leagues/majors/2025-misc.shtml,yes,0.5370370370370371,1.4111072249237233,9.0
2025,SFG,San Francisco Giants,189052858.0,81,81.0,,,https://www.baseball-reference.com/leagues/majors/2025-misc.shtml,yes,0.5,1.3039862529577555,10.0
2025,ARI,Arizona Diamondbacks,178806067.0,80,82.0,,,https://www.baseball-reference.com/leagues/majors/2025-misc.shtml,yes,0.49382716049382713,1.233309328301418,11.0
2025,LAA,Los Angeles Angels,172808094.0,72,90.0,,,https://www.baseball-reference.com/leagues/majors/2025-misc.shtml,yes,0.4444444444444444,1.191938494660745,12.0
2025,CHC,Chicago Cubs,169675000.0,92,70.0,,,https://www.baseball-reference.com/leagues/majors/2025-misc.shtml,yes,0.5679012345679012,1.170328075498373,13.0
2025,BOS,Boston Red Sox,166790967.0,89,73.0,,,https://www.baseball-reference.com/leagues/majors/2025-misc.shtml,yes,0.5493827160493827,1.1504355468962582,14.0
2025,SEA,Seattle Mariners,144980714.0,90,72.0,,,https://www.baseball-reference.com/leagues/majors/2025-misc.shtml,yes,0.5555555555555556,1.0,15.0
2025,BAL,Baltimore Orioles,138037000.0,75,87.0,,,https://www.baseball-reference.com/leagues/majors/2025-misc.shtml,yes,0.46296296296296297,0.9521059470020268,16.0
2025,MIN,Minnesota Twins,135561190.0,70,92.0,,,https://www.baseball-reference.com/leagues/majors/2025-misc.shtml,yes,0.43209876543209874,0.9350291239426507,17.0
2025,DET,Detroit Tigers,132893334.0,87,75.0,,,https://www.baseball-reference.com/leagues/majors/2025-misc.shtml,yes,0.5370370370370371,0.916627669525755,18.0
2025,STL,St. Louis Cardinals,127965000.0,78,84.0,,,https://www.baseball-reference.com/leagues/majors/2025-misc.shtml,yes,0.48148148148148145,0.8826346378732829,19.0
2025,CIN,Cincinnati Reds,110815833.0,83,79.0,,,https://www.baseball-reference.com/leagues/majors/2025-misc.shtml,yes,0.5123456790123457,0.7643487877980791,20.0
2025,KCR,Kansas City Royals,110574444.0,82,80.0,,,https://www.baseball-reference.com/leagues/majors/2025-misc.shtml,yes,0.5061728395061729,0.7626838146210261,21.0
2025,COL,Colorado Rockies,104724285.0,43,119.0,,,https://www.baseball-reference.com/leagues/majors/2025-misc.shtml,yes,0.2654320987654321,0.722332523483089,22.0
2025,WSN,Washington Nationals,100160060.0,66,96.0,,,https://www.baseball-reference.com/leagues/majors/2025-misc.shtml,yes,0.4074074074074074,0.6908509224199296,23.0
2025,MIL,Milwaukee Brewers,97448000.0,97,65.0,,,https://www.baseball-reference.com/leagues/majors/2025-misc.shtml,yes,0.5987654320987654,0.6721445722773858,24.0
2025,TBR,Tampa Bay Rays,90516213.0,77,85.0,,,https://www.baseball-reference.com/leagues/majors/2025-misc.shtml,yes,0.47530864197530864,0.6243327853937869,25.0
2025,CLE,Cleveland Guardians,88787000.0,88,74.0,,,https://www.baseball-reference.com/leagues/majors/2025-misc.shtml,yes,0.5432098765432098,0.6124055920982704,26.0
2025,PIT,Pittsburgh Pirates,69783500.0,71,91.0,,,https://www.baseball-reference.com/leagues/majors/2025-misc.shtml,yes,0.4382716049382716,0.4813295373893661,27.0
2025,CHW,Chicago White Sox,63430000.0,60,102.0,,,https://www.baseball-reference.com/leagues/majors/2025-misc.shtml,yes,0.37037037037037035,0.4375064672394978,28.0
2025,ATH,Athletics,58178571.0,76,86.0,,,https://www.baseball-reference.com/leagues/majors/2025-misc.shtml,yes,0.4691358024691358,0.4012848977968201,29.0
2025,MIA,Miami Marlins,,79,83.0,,,https://www.baseball-reference.com/leagues/majors/2025-misc.shtml,yes,0.4876543209876543,,
2026,LAD,Los Angeles Dodgers,368699449.0,100,62.0,,,https://www.baseball-reference.com/leagues/majors/2026-misc.shtml,yes,0.6172839506172839,2.555410995917373,1.0
2026,NYY,New York Yankees,284070833.0,93,69.0,,,https://www.baseball-reference.com/leagues/majors/2026-misc.shtml,yes,0.5740740740740741,1.9688603610243198,2.0
2026,ATL,Atlanta Braves,275725000.0,94,68.0,,,https://www.baseball-reference.com/leagues/majors/2026-misc.shtml,yes,0.5802469135802469,1.91101640851467,3.0
2026,NYM,New York Mets,267817634.0,74,88.0,,,https://www.baseball-reference.com/leagues/majors/2026-misc.shtml,yes,0.4567901234567901,1.8562114174034865,4.0
2026,PHI,Philadelphia Phillies,257217617.0,88,74.0,,,https://www.baseball-reference.com/leagues/majors/2026-misc.shtml,yes,0.5432098765432098,1.782743990011939,5.0
2026,SDP,San Diego Padres,244246082.0,91,71.0,,,https://www.baseball-reference.com/leagues/majors/2026-misc.shtml,yes,0.5617283950617284,1.6928398600686174,6.0
2026,CHC,Chicago Cubs,241411079.0,89,73.0,,,https://www.baseball-reference.com/leagues/majors/2026-misc.shtml,yes,0.5493827160493827,1.673190799406043,7.0
2026,BOS,Boston Red Sox,237693334.0,87,75.0,,,https://www.baseball-reference.com/leagues/majors/2026-misc.shtml,yes,0.5370370370370371,1.6474235614055956,8.0
2026,TOR,Toronto Blue Jays,221400344.0,79,83.0,,,https://www.baseball-reference.com/leagues/majors/2026-misc.shtml,yes,0.4876543209876543,1.534498831207879,9.0
2026,HOU,Houston Astros,210361666.0,81,81.0,,,https://www.baseball-reference.com/leagues/majors/2026-misc.shtml,yes,0.5,1.4579910978274822,10.0
2026,ARI,Arizona Diamondbacks,205921284.0,86,76.0,,,https://www.baseball-reference.com/leagues/majors/2026-misc.shtml,yes,0.5308641975308642,1.4272153507531393,11.0
2026,TEX,Texas Rangers,181925000.0,80,82.0,,,https://www.baseball-reference.com/leagues/majors/2026-misc.shtml,yes,0.49382716049382713,1.2609000276327185,12.0
2026,SFG,San Francisco Giants,152362856.0,65,97.0,,,https://www.baseball-reference.com/leagues/majors/2026-misc.shtml,yes,0.4012345679012346,1.0560084064345192,13.0
2026,MIL,Milwaukee Brewers,146580000.0,103,59.0,,,https://www.baseball-reference.com/leagues/majors/2026-misc.shtml,yes,0.6358024691358025,1.0159281354976164,14.0
2026,DET,Detroit Tigers,144281859.0,76,86.0,,,https://www.baseball-reference.com/leagues/majors/2026-misc.shtml,yes,0.4691358024691358,1.0,15.0
2026,SEA,Seattle Mariners,142791880.0,76,86.0,,,https://www.baseball-reference.com/leagues/majors/2026-misc.shtml,yes,0.4691358024691358,0.9896731369395511,16.0
2026,LAA,Los Angeles Angels,136988096.0,62,100.0,,,https://www.baseball-reference.com/leagues/majors/2026-misc.shtml,yes,0.38271604938271603,0.9494478165824021,17.0
2026,BAL,Baltimore Orioles,114287000.0,79,83.0,,,https://www.baseball-reference.com/leagues/majors/2026-misc.shtml,yes,0.4876543209876543,0.7921092838150914,18.0
2026,CIN,Cincinnati Reds,109118333.0,75,87.0,,,https://www.baseball-reference.com/leagues/majors/2026-misc.shtml,yes,0.46296296296296297,0.756285882066435,19.0
2026,KCR,Kansas City Royals,102364445.0,69,93.0,,,https://www.baseball-reference.com/leagues/majors/2026-misc.shtml,yes,0.42592592592592593,0.7094755065499954,20.0
2026,MIN,Minnesota Twins,100684523.0,77,85.0,,,https://www.baseball-reference.com/leagues/majors/2026-misc.shtml,yes,0.47530864197530864,0.697832171680017,21.0
2026,PIT,Pittsburgh Pirates,95694833.0,82,80.0,,,https://www.baseball-reference.com/leagues/majors/2026-misc.shtml,yes,0.5061728395061729,0.6632492377298799,22.0
2026,COL,Colorado Rockies,87189286.0,58,104.0,,,https://www.baseball-reference.com/leagues/majors/2026-misc.shtml,yes,0.35802469135802467,0.6042983269296524,23.0
2026,TBR,Tampa Bay Rays,79339545.0,98,64.0,,,https://www.baseball-reference.com/leagues/majors/2026-misc.shtml,yes,0.6049382716049383,0.5498927276782593,24.0
2026,CHW,Chicago White Sox,78630000.0,84,78.0,,,https://www.baseball-reference.com/leagues/majors/2026-misc.shtml,yes,0.5185185185185185,0.5449749576625569,25.0
2026,ATH,Athletics,77427857.0,64,98.0,,,https://www.baseball-reference.com/leagues/majors/2026-misc.shtml,yes,0.3950617283950617,0.5366430508772416,26.0
2026,CLE,Cleveland Guardians,75256711.0,85,77.0,,,https://www.baseball-reference.com/leagues/majors/2026-misc.shtml,yes,0.5246913580246914,0.521595102264381,27.0
2026,WSN,Washington Nationals,63662500.0,77,85.0,,,https://www.baseball-reference.com/leagues/majors/2026-misc.shtml,yes,0.47530864197530864,0.4412370372910152,28.0
2026,MIA,Miami Marlins,50190000.0,80,82.0,,,https://www.baseball-reference.com/leagues/majors/2026-misc.shtml,yes,0.49382716049382713,0.34786077991967096,29.0
2026,STL,St. Louis Cardinals,,77,85.0,,,https://www.baseball-reference.com/leagues/majors/2026-misc.shtml,yes,0.47530864197530864,,
